"관리번호","무인민원발급기명","설치장소주소","설치장소상세위치","평일시작시분","평일종료시분","휴일시작시분","휴일종료시분","운영시간참고내용","설치운영URL","사용여부명","장애인편의발급기형태","시각장애인용키패드","시각장애인용음성안내","청각장애인용화면안내","점자라벨부착","이어폰소켓","촉각(전자)모니터","화면확대기능","휠체어탄사용자조작","최종수정일자"
"501","화곡역","서울특별시 강서구 화곡로 지하 168(화곡동)[화곡동 1089-54 화곡역 5호선]","화곡역(5호선) 중앙 통로","05:00 ","02:00 ","05:00 ","02:00 ","","https://www.gangseo.seoul.kr/gs0101071","사용","장애인 정당한 편의 기능 인증(우선구매대상지능정보화제품)","제공","제공","제공","부착","제공","미제공","제공","가능","2026-08-28 09:57:38"
"520","시흥3동 주민센터","서울특별시 금천구 시흥대로18길 40(시흥동)","시흥3동 주민센터 민원실 입구 정면기준 좌측에 위치","09:00 ","18:00 ","      ","      ","","https://www.geumcheon.go.kr/portal/contents.do?key=177","사용","장애인 정당한 편의 기능 인증(우선구매대상지능정보화제품)","제공","제공","제공","부착","제공","제공","제공","가능","2026-08-28 09:33:47"
"508","신촌동주민센터","서울특별시 서대문구 연세로2나길 47, 신촌동 주민센터 (창천동)","신촌동주민센터 1층 민원실","09:00 ","18:00 ","      ","      ","","http://www.sdm.go.kr/civil/print/automaic.do","사용","장애인 정당한 편의 기능 인증(우선구매대상지능정보화제품)","제공","제공","제공","부착","제공","미제공","제공","가능","2026-08-27 13:04:36"
"506","충현동자치회관","서울특별시 서대문구 경기대로 40(충정로3가)","충현동자치회관","09:00 ","18:00 ","      ","      ","","http://www.sdm.go.kr/civil/print/automaic.do","사용","장애인 정당한 편의 기능 인증(우선구매대상지능정보화제품)","제공","제공","제공","부착","제공","미제공","제공","가능","2026-08-27 13:04:31"
"402","불광2동주민센터KIOSK","서울특별시 은평구 연서로 282(불광동)","불광2동 주민센터 내","08:00 ","19:00 ","      ","      ","토.일요일 및 공휴일 미운영","http://www.ep.go.kr/CmsWeb/viewPage.req?idx=PG0000000763","사용","장애인 정당한 편의 기능 인증(우선구매대상지능정보화제품)","제공","제공","제공","부착","제공","미제공","제공","가능","2026-08-26 10:05:39"
"416","삼육서울병원","서울특별시 동대문구 망우로 82, 삼육서울병원 본관 1층 CU 옆  (휘경동)","삼육서울병원 본관 1층 CU 옆","08:00 ","02:00 ","08:00 ","02:00 ","","http://www.ddm.go.kr/civil/multiCivilNoPeople.jsp","사용","장애인 정당한 편의 기능 인증(우선구매대상지능정보화제품)","제공","제공","제공","부착","제공","제공","제공","가능","2026-08-25 21:10:46"
"406","더좋은새마을금고","서울특별시 동대문구 망우로 129, 더좋은새마을금고 1층 (휘경동)","새마을금고 1층 ATM창구","07:00 ","23:30 ","07:00 ","23:30 ","","http://www.ddm.go.kr/civil/multiCivilNoPeople.jsp","사용","장애인 정당한 편의 기능 인증(우선구매대상지능정보화제품)","제공","제공","제공","부착","제공","제공","제공","가능","2026-08-25 21:10:04"
"506","휘경1동주민센터","서울특별시 동대문구 외대역동로6길 3(휘경동)[서울특별시 동대문구 휘경동 135번지 9호]","휘경1동주민센터 2층 민원실","09:00 ","18:00 ","      ","      ","주말휴무","http://www.ddm.go.kr/civil/multiCivilNoPeople.jsp","사용","장애인 정당한 편의 기능 인증(우선구매대상지능정보화제품)","제공","제공","제공","부착","제공","미제공","제공","가능","2026-08-25 21:10:04"
"501","회기역","서울특별시 동대문구 회기로 196(휘경동, 회기역)","지하철1호선 회기역 2번출구 2층 왼편","00:00 ","2400  ","00:00 ","2400  ","","http://www.ddm.go.kr/civil/multiCivilNoPeople.jsp","사용","장애인 정당한 편의 기능 인증(우선구매대상지능정보화제품)","제공","제공","제공","부착","제공","제공","제공","가능","2026-08-25 21:10:04"
"427","동대문경찰서 민원봉사실","서울특별시 동대문구 약령시로21길 29, 동대문경찰서 (청량리동)","민원봉사실 1층 출입문 들어가서 오른쪽","09:00 ","18:00 ","      ","      ","주말휴무","http://www.ddm.go.kr/civil/multiCivilNoPeople.jsp","사용","장애인 정당한 편의 기능 인증(우선구매대상지능정보화제품)","제공","제공","제공","부착","제공","미제공","제공","가능","2026-08-25 21:08:40"
"434","이문2동주민센터","서울특별시 동대문구 신이문로 27-5, 이문2동 주민센터 (이문동)","1층 작은도서관 내","09:00 ","18:00 ","      ","      ","","https://www.ddm.go.kr/www/contents.do?key=8","사용","장애인 정당한 편의 기능 인증(우선구매대상지능정보화제품)","제공","제공","제공","부착","제공","미제공","제공","가능","2026-08-24 15:05:55"
"407","월계2동 주민센터","서울특별시 노원구 초안산로5길 28(월계동)","월계2동 주민센터 2층 엘리베이터 옆","08:00 ","20:00 ","      ","      ","","https://www.nowon.kr/www/minwon/minwon1/minwon1_04.jsp","사용","장애인 편의 기능 포함(일반)","제공","제공","제공","부착","제공","미제공","제공","불가능","2026-08-21 10:50:01"
"511","수유3동주민센터","서울특별시 강북구 노해로 36, 수유3동 주민센터 (수유동)","1층 민원실","09:00 ","18:00 ","      ","      ","","http://www.gangbuk.go.kr/www/contents.do?key=58","사용","장애인 정당한 편의 기능 인증(우선구매대상지능정보화제품)","제공","제공","제공","부착","제공","미제공","제공","가능","2026-08-20 17:35:46"
"402","새마을금고","서울특별시 광진구 뚝섬로 632, 광진중앙 새마을금고 본점 (자양동)","1층 365코너","07:00 ","23:00 ","07:00 ","23:00 ","","https://www.gwangjin.go.kr/portal/main/contents.do?menuNo=200030","사용","장애인 정당한 편의 기능 인증(우선구매대상지능정보화제품)","제공","제공","제공","부착","제공","미제공","제공","가능","2026-08-20 09:45:55"
"413","역촌동주민센터1","서울특별시 은평구 연서로 59(역촌동)[서울특별시 은평구 역촌동 62번지 26호]","주민센터입장후왼쪽","08:00 ","19:00 ","      ","      ","토.일요일 및 공휴일 미운영","https://www.ep.go.kr/CmsWeb/viewPage.req?idx=PG0000000763","사용","장애인 정당한 편의 기능 인증(우선구매대상지능정보화제품)","제공","제공","제공","부착","제공","미제공","제공","가능","2026-08-19 19:32:10"
"409","양재1동주민센터","서울특별시 서초구 바우뫼로 41(우면동, 양재1동주민센터)[서울특별시 서초구 우면동 68번지 2호 양재1동주민센터]","1층 출입구","00:00 ","2400  ","00:00 ","2400  ","","http://www.seocho.go.kr/site/seocho/01/10101050000002015070109.jsp","사용","장애인 정당한 편의 기능 인증(우선구매대상지능정보화제품)","제공","제공","제공","부착","제공","미제공","제공","가능","2026-08-03 17:49:35"
"112","삼성역","서울특별시 강남구 테헤란로 538(역삼동, 지하1층 역무실앞)","2호선 삼성역  지하1층 유아수유실옆","05:30 ","23:59 ","05:30 ","23:59 ","","https://www.gangnam.go.kr/contents/dispenser/2/view.do?mid=ID03_010103","사용","장애인 정당한 편의 기능 인증(우선구매대상지능정보화제품)","제공","제공","제공","부착","제공","제공","제공","가능","2026-08-03 09:30:35"
"505","독산역","서울특별시 금천구 벚꽃로 115(가산동)[115번지]","독산역 1번 출구","05:00 ","02:00 ","05:00 ","02:00 ","","http://www.geumcheon.go.kr/html/048/048001005.html","사용","장애인 정당한 편의 기능 인증(우선구매대상지능정보화제품)","제공","제공","제공","부착","제공","제공","제공","가능","2026-08-19 17:30:08"
"117","삼성서울병원2","서울특별시 강남구 일원로 81, 삼성서울병원 1층 (일원동)","삼성서울병원 암병동 1층 원무창구 앞","00:00 ","2400  ","00:00 ","2400  ","365일 24시간 운영","http://www.gangnam.go.kr/contents/dispenser/1/view.do?mid=FM010103","사용","장애인 정당한 편의 기능 인증(우선구매대상지능정보화제품)","제공","제공","제공","부착","제공","제공","제공","가능","2026-08-03 10:22:40"
"101","강남구청1","서울특별시 강남구 학동로 426(삼성동, 강남구청내 본관1층로비)","강남구청내 본관1층로비","00:00 ","2400  ","00:00 ","2400  ","","https://www.gangnam.go.kr/contents/dispenser/2/view.do?mid=ID03_010103","사용","장애인 정당한 편의 기능 인증(우선구매대상지능정보화제품)","제공","제공","제공","부착","제공","제공","제공","가능","2026-08-03 09:30:51"
"107","강남역","서울특별시 강남구 강남대로 396(역삼동, 2호선 강남역1번,12번 출구 중간)","2호선 강남역1번,12번 출구 중간(지하1층)","05:30 ","23:59 ","05:30 ","23:59 ","","https://www.gangnam.go.kr/contents/dispenser/2/view.do?mid=ID03_010103","사용","장애인 정당한 편의 기능 인증(우선구매대상지능정보화제품)","제공","제공","제공","부착","제공","제공","제공","가능","2026-08-03 09:30:51"
"404","서울대학교 학생회관","서울특별시 관악구 관악로 1(신림동)","서울대학교 학생회관 1층","08:00 ","2400  ","08:00 ","2400  ","2015.03.09. 현기기 구매일자(구청기기 이전설치2022.1.17)","http://www.gwanak.go.kr/site/gwanak/03/10301040000002016051203.jsp","사용","장애인 편의 기능 포함(일반)","제공","제공","제공","부착","제공","미제공","제공","가능","2026-07-01 15:40:02"
"404","김포공항 국내선 2층(서편)","서울특별시 강서구 하늘길 112(공항동)","김포공항 국내선 2층 서편(1번 GATE)","05:30 ","23:00 ","05:30 ","23:00 ","","https://www.gangseo.seoul.kr/gs0101071","사용","장애인 정당한 편의 기능 인증(우선구매대상지능정보화제품)","제공","제공","제공","부착","제공","미제공","제공","가능","2026-08-28 10:07:57"
"511","현대아울렛","서울특별시 금천구 디지털로10길 9(가산동, 현대아울렛6층)","현대아울렛6층 기업시민청 앞","09:00 ","21:30 ","09:00 ","21:30 ","백화점 정기휴무일 미운영","http://www.geumcheon.go.kr/html/048/048001005.html","사용","장애인 정당한 편의 기능 인증(우선구매대상지능정보화제품)","제공","제공","제공","부착","제공","제공","제공","가능","2026-08-19 17:31:55"
"519","시흥4동 주민센터","서울특별시 금천구 독산로36길 14(시흥동)[서울특별시 금천구 시흥동 812번지 38호]","2층 민원실 입구","09:00 ","18:10 ","      ","      ","등기부등본, 가족관계등록서류 평일 09:00~18:00 이용","http://www.geumcheon.go.kr/html/048/048001005.html","사용","장애인 정당한 편의 기능 인증(우선구매대상지능정보화제품)","제공","제공","제공","부착","제공","제공","제공","가능","2026-08-13 15:55:55"
"163","강남구청2","서울특별시 강남구 학동로 426(삼성동, 강남구청내 본관 1층 로비)","강남구청내 본관 1층 로비","00:00 ","2400  ","00:00 ","2400  ","","https://www.gangnam.go.kr/contents/dispenser/2/view.do?mid=ID03_010103","사용","장애인 정당한 편의 기능 인증(우선구매대상지능정보화제품)","제공","제공","제공","부착","제공","제공","제공","가능","2026-08-03 09:30:35"
"134","강남세브란스병원","서울특별시 강남구 언주로 211(도곡동)","강남세브란스 1동1층 로비(척추병원쪽)","00:00 ","23:59 ","00:00 ","23:59 ","","https://www.gangnam.go.kr/contents/dispenser/2/view.do?mid=ID03_010103","사용","장애인 정당한 편의 기능 인증(우선구매대상지능정보화제품)","제공","제공","제공","부착","제공","제공","제공","가능","2026-08-03 09:30:35"
"125","역삼세무서","서울특별시 강남구 테헤란로 114(역삼동)[서울특별시 강남구 역삼동 824번지]","역삼세무서 1층 로비","00:00 ","23:59 ","00:00 ","23:59 ","","https://www.gangnam.go.kr/contents/dispenser/2/view.do?mid=ID03_010103","사용","장애인 정당한 편의 기능 인증(우선구매대상지능정보화제품)","제공","제공","제공","부착","제공","제공","제공","가능","2026-08-03 09:30:35"
"416","남대문세무서","서울특별시 중구 삼일대로 340, 나라키움저동빌딩 (저동1가)","남대문세무서 1층 로비","00:00 ","2400  ","00:00 ","2400  ","","http://www.junggu.seoul.kr/minwon/content.do?cmsid=13984","사용","장애인 편의 기능 포함(일반)","제공","제공","제공","부착","제공","미제공","제공","가능","2026-08-31 19:13:01"
"505","을지로동주민센터 2","서울특별시 중구 을지로 117 (을지로3가)","2층 로비","08:30 ","18:30 ","      ","      ","","http://www.junggu.seoul.kr/minwon/content.do?cmsid=13984","사용","장애인 정당한 편의 기능 인증(우선구매대상지능정보화제품)","제공","제공","제공","부착","제공","미제공","제공","가능","2026-08-31 16:31:23"
"415","소공동-무인(2)","서울특별시 중구 서소문로12길 36 (서소문동)","2층 민원실","09:00 ","18:00 ","      ","      ","","http://www.junggu.seoul.kr/minwon/content.do?cmsid=13984","사용","장애인 정당한 편의 기능 인증(우선구매대상지능정보화제품)","제공","제공","제공","부착","제공","미제공","제공","가능","2026-08-31 00:49:30"
"412","다산동주민센터","서울특별시 중구 동호로15길 50, 다산동 주민센터 (신당동)","옥외 부스","00:00 ","2400  ","00:00 ","2400  ","","http://www.junggu.seoul.kr/minwon/content.do?cmsid=13984","사용","장애인 정당한 편의 기능 인증(우선구매대상지능정보화제품)","제공","제공","제공","부착","제공","미제공","제공","가능","2026-08-31 00:32:55"
"508","원효로제2동주민센터","서울특별시 용산구 효창원로8길 3, 원효로제2동 주민센터 (산천동)","원효로제2동주민센터 현관 입구","09:00 ","18:00 ","      ","      ","","http://www.yongsan.go.kr/pms/contents/contents.do?contseqn=1594&sitecdv=S0000600&decorator=user28OneClick&menucdv=01140000","사용","장애인 정당한 편의 기능 인증(우선구매대상지능정보화제품)","제공","제공","제공","부착","제공","미제공","제공","가능","2026-08-25 17:52:08"
"519","성수2가제3동주민센터 KIOSK","서울특별시 성동구 광나루로2길 35(성수동2가)[서울특별시 성동구 성수동2가 299번지 240호]","성수2가제3동주민센터","00:00 ","2400  ","00:00 ","2400  ","24시간 운영","http://www.sd.go.kr/sd/main.do?op=mainSub&mCode=13A030030000","사용","장애인 정당한 편의 기능 인증(우선구매대상지능정보화제품)","제공","제공","제공","부착","제공","제공","제공","가능","2026-07-31 15:38:58"
"405","건대입구역","서울특별시 광진구 아차산로 243(화양동)","건대입구역 2번 출구 (지상2층)","05:00 ","01:00 ","05:00 ","2400  ","평일05:00~익일01:00, 주말/공휴일05:00~24:00","https://www.gwangjin.go.kr/portal/main/contents.do?menuNo=200030","사용","장애인 정당한 편의 기능 인증(우선구매대상지능정보화제품)","제공","제공","제공","부착","제공","미제공","제공","가능","2026-07-31 09:22:12"
"501","구의3동주민센터","서울특별시 광진구 강변역로 17(구의동)","출입구","08:00 ","20:00 ","09:00 ","17:00 ","","https://www.gwangjin.go.kr/portal/main/contents.do?menuNo=200030","사용","장애인 정당한 편의 기능 인증(우선구매대상지능정보화제품)","제공","제공","제공","부착","제공","미제공","제공","가능","2026-07-21 10:17:50"
"410","관악구청 민원실2","서울특별시 관악구 관악로 145(봉천동, 관악구청)","민원여권과 입구 (1층)","00:00 ","2400  ","00:00 ","2400  ","2022.1.17. 현기기 구매설치일자","http://www.gwanak.go.kr/site/gwanak/03/10301040000002016051203.jsp","사용","장애인 정당한 편의 기능 인증(우선구매대상지능정보화제품)","제공","제공","제공","부착","제공","미제공","제공","가능","2026-09-01 09:46:37"
"518","북가좌2동주민센터","서울특별시 서대문구 응암로 131, 북가좌2동주민센터 (북가좌동)","북가좌2동주민센터 1층 민원실","09:00 ","18:00 ","      ","      ","","http://www.sdm.go.kr/civil/print/automaic.do","사용","장애인 정당한 편의 기능 인증(우선구매대상지능정보화제품)","제공","제공","제공","부착","제공","미제공","제공","가능","2026-08-27 13:09:54"
"513","강북웰빙스포츠센터","서울특별시 강북구 오현로31길 51, 강북웰빙스포츠센터 (번동)","1층 입구","06:00 ","22:00 ","06:00 ","18:00 ","","http://www.gangbuk.go.kr/www/contents.do?key=58","사용","장애인 정당한 편의 기능 인증(우선구매대상지능정보화제품)","제공","제공","제공","부착","제공","제공","제공","가능","2026-07-20 17:41:57"
"415","강북종합체육센터","서울특별시 강북구 솔샘로48길 14, 강북종합체육센터 (미아동)","로비 안내데스크 앞","06:00 ","22:00 ","06:00 ","17:00 ","1,3,5째주 일요일, 법정공휴일은 운영안함","https://www.gangbuk.go.kr/portal/bbs/B0000046/list.do?menuNo=200008&nttId=85557","사용","장애인 정당한 편의 기능 인증(우선구매대상지능정보화제품)","제공","제공","제공","부착","제공","제공","제공","가능","2026-07-20 17:41:50"
"409","국립중앙의료원","서울특별시 중구 을지로 245, 국립중앙의료원 (을지로6가)","본관 1층 신한은행 앞","00:00 ","2400  ","00:00 ","2400  ","","http://www.junggu.seoul.kr/minwon/content.do?cmsid=13984","사용","장애인 정당한 편의 기능 인증(우선구매대상지능정보화제품)","제공","제공","제공","부착","제공","미제공","제공","가능","2026-07-16 16:30:27"
"511","신정3동주민센터","서울특별시 양천구 중앙로 209(신정동)[서울특별시 양천구 신정동 1263번지]","입구 복도","09:00 ","18:00 ","      ","      ","주말 및 휴일 이용불가","http://www.yangcheon.go.kr/site/yangcheon/01/10101040000002016081013.jsp","사용","장애인 편의 기능 포함(일반)","제공","제공","제공","부착","제공","미제공","제공","불가능","2026-07-13 09:44:33"
"527","대법원통합무인발급기","서울특별시 양천구 목동동로 105, 양천구청 (신정동)","민원여권과 민원실","09:00 ","18:00 ","      ","      ","","https://www.yangcheon.go.kr/site/yangcheon/01/10101040000002016081013.jsp","사용","장애인 편의 기능 포함(일반)","제공","제공","제공","부착","제공","미제공","제공","불가능","2026-07-13 08:50:20"
"414","동선동주민센터","서울특별시 성북구 동소문로26길 27(동선동3가)[서울특별시 성북구 동선동3가 130번지 7호]","관내","08:30 ","18:00 ","      ","      ","","https://www.sb.go.kr/PageLink.do?link=forward:use/PageContent.do&tempParam1=&menuNo=01000000&subMenuNo=01040000&thirdMenuNo=01040100&fourthMenuNo=","사용","장애인 정당한 편의 기능 인증(우선구매대상지능정보화제품)","제공","제공","제공","부착","제공","미제공","제공","가능","2026-07-08 11:26:37"
"423","자양4동주민센터","서울특별시 광진구 뚝섬로26길 58(자양동)","자양4동주민센터 1층 로비","09:00 ","18:00 ","09:00 ","17:00 ","주말 발급가능(공휴일 불가)","https://www.gwangjin.go.kr/portal/main/contents.do?menuNo=200030","사용","장애인 정당한 편의 기능 인증(우선구매대상지능정보화제품)","제공","제공","제공","부착","제공","미제공","제공","가능","2026-07-03 16:29:19"
"155","압구정역","서울특별시 강남구 압구정로 172(압구정동, 지하1층4번출구)","3호선 압구정역 지하1층4번출구","05:30 ","23:59 ","05:30 ","23:59 ","","https://www.gangnam.go.kr/contents/dispenser/2/view.do?mid=ID03_010103","사용","장애인 정당한 편의 기능 인증(우선구매대상지능정보화제품)","제공","제공","제공","부착","제공","제공","제공","가능","2026-08-03 10:22:40"
"435","신설동주민센터","서울특별시 동대문구 천호대로 26, 2층 (신설동, 신설동역자이르네)","민원실 내","09:00 ","18:00 ","      ","      ","","https://www.ddm.go.kr/www/contents.do?key=8","사용","장애인 정당한 편의 기능 인증(우선구매대상지능정보화제품)","제공","제공","제공","부착","제공","제공","제공","가능","2026-07-31 16:56:58"
"433","동대문동부 새마을금고 본점","서울특별시 동대문구 답십리로 251(장안동)[서울특별시 동대문구 장안동 143번지 39호]","1층 ATM창구","07:00 ","2400  ","07:00 ","2400  ","","http://www.ddm.go.kr/civil/multiCivilNoPeople.jsp","사용","장애인 정당한 편의 기능 인증(우선구매대상지능정보화제품)","제공","제공","제공","부착","제공","제공","제공","가능","2026-07-31 16:56:39"
"424","동대문우체국","서울특별시 동대문구 천호대로 4(신설동, 동대문우체국)","지하철2호선 10번출구로 나와 동대문우체국 1층 정문 정면에 위치","08:00 ","18:00 ","      ","      ","주말휴무","http://www.ddm.go.kr/civil/multiCivilNoPeople.jsp","사용","장애인 정당한 편의 기능 인증(우선구매대상지능정보화제품)","제공","제공","제공","부착","제공","제공","제공","가능","2026-07-31 16:54:48"
"426","용두동주민센터","서울특별시 동대문구 천호대로27길 35(용두동, 용신동주민센터)","용신동주민센터 1층 민원실 들어가서 우측편","08:50 ","18:00 ","      ","      ","주말휴무","http://www.ddm.go.kr/civil/multiCivilNoPeople.jsp","사용","장애인 정당한 편의 기능 인증(우선구매대상지능정보화제품)","제공","제공","제공","부착","제공","미제공","제공","가능","2026-07-31 10:19:37"
"417","장안1동주민센터","서울특별시 동대문구 한천로18길 52(장안동, 장안1동주민센터)","장안1동주민센터 1층 민원실 내","09:00 ","18:00 ","      ","      ","주말휴무","http://www.ddm.go.kr/civil/multiCivilNoPeople.jsp","사용","장애인 정당한 편의 기능 인증(우선구매대상지능정보화제품)","제공","제공","제공","부착","제공","미제공","제공","가능","2026-07-31 10:17:41"
"507","둔촌2동주민센터","서울특별시 강동구 천호대로186길 7, 둔촌제2동주민센터 (둔촌동)","주민센터 내","09:00 ","18:00 ","      ","      ","주말, 국경일 및 법정공휴일 발급불가","https://www.gangdong.go.kr/site/contents/koRenew/html00/html04/index04.html","사용","장애인 정당한 편의 기능 인증(우선구매대상지능정보화제품)","제공","제공","제공","부착","제공","미제공","제공","가능","2026-07-02 11:50:04"
"517","버티고개역","서울특별시 중구 다산로 지하38, 버티고개역 6호선 (신당동)","지하대합실","00:00 ","2400  ","00:00 ","2400  ","","http://www.junggu.seoul.kr/minwon/content.do?cmsid=13984","사용","장애인 편의 기능 포함(일반)","제공","제공","제공","부착","제공","제공","제공","가능","2026-08-31 19:14:46"
"504","을지로동주민센터 1","서울특별시 중구 을지로 117 (을지로3가)","2층 로비","08:30 ","18:30 ","      ","      ","","http://www.junggu.seoul.kr/minwon/content.do?cmsid=13984","사용","장애인 정당한 편의 기능 인증(우선구매대상지능정보화제품)","제공","제공","제공","부착","제공","미제공","제공","가능","2026-08-31 16:11:55"
"512","동화동주민센터","서울특별시 중구 다산로36길 100, 동화동주민센터 (신당동)","옥외 부스","00:00 ","2400  ","00:00 ","2400  ","","http://www.junggu.seoul.kr/minwon/content.do?cmsid=13984","사용","장애인 정당한 편의 기능 인증(우선구매대상지능정보화제품)","제공","제공","제공","부착","제공","제공","제공","가능","2026-08-31 02:19:41"
"501","청구동주민센터","서울특별시 중구 청구로3길 55, 청구동주민센터 (신당동)","옥외 부스","00:00 ","2400  ","00:00 ","2400  ","","http://www.junggu.seoul.kr/minwon/content.do?cmsid=13984","사용","장애인 정당한 편의 기능 인증(우선구매대상지능정보화제품)","제공","제공","제공","부착","제공","미제공","제공","가능","2026-08-31 01:10:24"
"516","성수1가제1동주민센터 KIOSK","서울특별시 성동구 뚝섬로3길 18(성수동1가)","성수1가제1동주민센터 1층","09:00 ","18:00 ","      ","      ","","http://www.sd.go.kr/sd/main.do?op=mainSub&mCode=13A030030000","사용","장애인 정당한 편의 기능 인증(우선구매대상지능정보화제품)","제공","제공","제공","부착","제공","제공","제공","가능","2026-07-28 11:12:31"
"413","삼선동 주민센터","서울특별시 성북구 보문로 190(삼선동4가)","삼선동주민센터 실내","08:30 ","18:00 ","      ","      ","","https://www.sb.go.kr/PageLink.do?link=forward:use/PageContent.do&tempParam1=&menuNo=01000000&subMenuNo=01040000&thirdMenuNo=01040100&fourthMenuNo=","사용","장애인 정당한 편의 기능 인증(우선구매대상지능정보화제품)","제공","제공","제공","부착","제공","미제공","제공","가능","2026-07-01 09:48:06"
"202","중앙보훈병원","서울특별시 강동구 진황도로61길 53(둔촌동)","중앙보훈병원 중앙관 2층 안내데스크 옆","00:00 ","2400  ","00:00 ","2400  ","연중무휴","https://www.gangdong.go.kr/site/contents/koRenew/html00/html04/index04.html","사용","장애인 정당한 편의 기능 인증(우선구매대상지능정보화제품)","제공","제공","제공","부착","제공","제공","제공","가능","2026-07-01 09:11:46"
"511","강동구청_민원실(2)","서울특별시 강동구 성내로 25, 강동구청 (성내동)","강동구청 본관 1층 로비","00:00 ","2400  ","00:00 ","2400  ","연중무휴","https://www.gangdong.go.kr/web/newportal/contents/gdp_001_005_004","사용","장애인 정당한 편의 기능 인증(우선구매대상지능정보화제품)","제공","제공","제공","부착","제공","미제공","제공","가능","2026-07-01 09:11:46"
"424","북카페도서관 다독다독 강일점 무인민원발급기","서울특별시 강동구 아리수로93가길 110, L층 (강일동, 강동리버스트4단지)","강일리버스트4단지 주민카페 입구","00:00 ","2400  ","00:00 ","2400  ","","https://www.gangdong.go.kr/site/contents/koRenew/html00/html04/index04.html","사용","장애인 정당한 편의 기능 인증(우선구매대상지능정보화제품)","제공","제공","제공","부착","제공","제공","제공","가능","2026-07-01 09:11:46"
"404","대법원 통합무인발급기","서울특별시 강동구 성내로 25(성내동)[서울특별시 강동구 성내동 540번지 강동구청]","강동구청 본관 1층 로비","09:00 ","18:00 ","      ","      ","평일 업무시간내만 발급가능","https://www.gangdong.go.kr/site/contents/koRenew/html00/html04/index04.html","사용","장애인 정당한 편의 기능 인증(우선구매대상지능정보화제품)","제공","제공","제공","부착","제공","제공","제공","가능","2026-07-16 15:19:00"
"414","명일역","서울특별시 강동구 양재대로 지하1632, 명일역 (명일동)","명일역 지하1층 대합실","05:00 ","01:00 ","05:00 ","2400  ","지하철역사 운영시간 내 발급가능(연중무휴)","https://www.gangdong.go.kr/site/contents/koRenew/html00/html04/index04.html","사용","장애인 정당한 편의 기능 인증(우선구매대상지능정보화제품)","제공","제공","제공","부착","제공","제공","제공","가능","2026-07-01 09:11:46"
"526","기업지원센터2","서울특별시 금천구 디지털로9길 32, 갑을그레이트밸리 A동 201호 (가산동)","민원실 입구 우측","09:00 ","18:00 ","      ","      ","","https://www.geumcheon.go.kr/portal/contents.do?key=77","사용","장애인 정당한 편의 기능 인증(우선구매대상지능정보화제품)","제공","제공","제공","부착","제공","미제공","제공","가능","2026-09-01 15:00:35"
"516","대치2동주민센터2","서울특별시 강남구 영동대로65길 24, 대치2동주민센터 (대치동)","대치2동주민센터 1층 무인민원발급창구","00:00 ","2400  ","00:00 ","2400  ","365일 24시간 운영","https://www.gangnam.go.kr/contents/dispenser/2/view.do?mid=FM010103","사용","장애인 정당한 편의 기능 인증(우선구매대상지능정보화제품)","제공","제공","제공","부착","제공","제공","제공","가능","2026-08-04 11:11:11"
"527","지하철 3호선 옥수역","서울특별시 성동구 동호로 21, 옥수역 (옥수동)","지상3층 3번출구방향 무인도서반납기 옆","05:00 ","23:00 ","05:00 ","23:00 ","","http://sd.go.kr/sd/main.do?op=mainSub&mCode=13A030030000","사용","장애인 정당한 편의 기능 인증(우선구매대상지능정보화제품)","제공","제공","제공","부착","제공","제공","제공","가능","2026-07-27 11:29:31"
"533","송정동 공공복합청사","서울특별시 성동구 송정18가길 9, 송정동 공공복합청사 (송정동)","1층 입구","00:00 ","2400  ","00:00 ","2400  ","","https://www.sd.go.kr/main/contents.do?key=1224&","사용","장애인 정당한 편의 기능 인증(우선구매대상지능정보화제품)","제공","제공","제공","부착","제공","미제공","제공","가능","2026-07-27 10:12:26"
"522","성동세무서 KIOSK","서울특별시 성동구 광나루로 297(송정동)[서울특별시 성동구 송정동 67번지 6호]","성동세무서 1층 민원실","09:00 ","18:00 ","      ","      ","주말 및 공휴일 미운영","http://www.sd.go.kr/sd/main.do?op=mainSub&mCode=13A030030000","사용","장애인 정당한 편의 기능 인증(우선구매대상지능정보화제품)","제공","제공","제공","부착","제공","미제공","제공","가능","2026-07-27 10:12:26"
"429","구의3동주민센터2","서울특별시 광진구 강변역로 17, 구의3동 복합청사 (구의동)","1층 정문 좌측 코너","00:00 ","2400  ","00:00 ","2400  ","","https://www.gwangjin.go.kr/portal/main/contents.do?menuNo=200030","사용","장애인 정당한 편의 기능 인증(우선구매대상지능정보화제품)","제공","제공","제공","부착","제공","미제공","제공","가능","2026-07-21 10:18:07"
"411","강동성심병원","서울특별시 강동구 성안로 150(길동)","로비 1층","00:00 ","2400  ","00:00 ","2400  ","연중무휴","https://www.gangdong.go.kr/site/contents/koRenew/html00/html04/index04.html","사용","장애인 정당한 편의 기능 인증(우선구매대상지능정보화제품)","제공","제공","제공","부착","제공","제공","제공","가능","2026-07-01 09:11:46"
"526","지하철 3호선 금호역","서울특별시 성동구 동호로 지하 104(금호동4가)","지하철 역사 내 4번출구 방향","00:00 ","2400  ","00:00 ","2400  ","","http://www.sd.go.kr/sd/main.do?op=mainSub&mCode=13A030030000","사용","장애인 정당한 편의 기능 인증(우선구매대상지능정보화제품)","제공","제공","제공","부착","제공","미제공","제공","가능","2026-07-27 14:24:15"
"504","중계1동 주민센터","서울특별시 노원구 한글비석로 279, 중계1동주민센터 (중계동)","1층 민원실","09:00 ","18:00 ","      ","      ","주말 및 공휴일 휴무","https://www.nowon.kr/www/minwon/minwon1/minwon1_04.jsp","사용","장애인 편의 기능 포함(일반)","제공","제공","제공","부착","제공","미제공","제공","불가능","2026-07-20 14:55:23"
"409","상계2동 주민센터","서울특별시 노원구 상계로 118(상계동)","민원실 출입구 옆","09:00 ","18:00 ","      ","      ","주말 및 공휴일 휴무","https://www.nowon.kr/www/minwon/minwon1/minwon1_04.jsp","사용","장애인 정당한 편의 기능 인증(우선구매대상지능정보화제품)","제공","제공","제공","부착","제공","미제공","제공","가능","2026-07-20 14:53:38"
"408","상계백병원","서울특별시 노원구 동일로 1342(상계동)","상계백병원 1층 로비","00:00 ","2400  ","00:00 ","2400  ","","https://www.nowon.kr/www/minwon/minwon1/minwon1_04.jsp","사용","장애인 편의 기능 포함(일반)","제공","제공","제공","부착","제공","미제공","제공","불가능","2026-07-20 14:53:19"
"408","굽은다리역","서울특별시 강동구 양재대로 지하 1572(명일동)[서울특별시 강동구 명일동 345번지 12호 지하철 5호선 굽은다리역]","지하철 5호선 굽은다리역 지하1층 대합실","05:00 ","01:00 ","05:00 ","2400  ","지하철역사 운영시간내 발급가능(연중무휴)","https://www.gangdong.go.kr/site/contents/koRenew/html00/html04/index04.html","사용","장애인 정당한 편의 기능 인증(우선구매대상지능정보화제품)","제공","제공","제공","부착","제공","제공","제공","가능","2026-07-20 09:49:00"
"401","강동구청_민원실(1)","서울특별시 강동구 성내로 25(성내동)[서울특별시 강동구 성내동 540번지 강동구청]","강동구청 본관 1층 로비","00:00 ","2400  ","00:00 ","2400  ","연중무휴","https://www.gangdong.go.kr/site/contents/koRenew/html00/html04/index04.html","사용","장애인 정당한 편의 기능 인증(우선구매대상지능정보화제품)","제공","제공","제공","부착","제공","제공","제공","가능","2026-07-20 09:48:16"
"203","강동경희대학교병원","서울특별시 강동구 동남로 892(상일동)[서울특별시 강동구 상일동 149번지]","강동경희대학교병원 본관 1층 로비","00:00 ","2400  ","00:00 ","2400  ","연중무휴","https://www.gangdong.go.kr/site/contents/koRenew/html00/html04/index04.html","사용","장애인 정당한 편의 기능 인증(우선구매대상지능정보화제품)","제공","제공","제공","부착","제공","제공","제공","가능","2026-07-01 09:11:46"
"507","명동주민센터","서울특별시 중구 퇴계로20나길 16, 명동주민센터 임시청사 (남산동2가)","옥외부스","00:00 ","2400  ","00:00 ","2400  ","","http://www.junggu.seoul.kr/minwon/content.do?cmsid=13984","사용","장애인 정당한 편의 기능 인증(우선구매대상지능정보화제품)","제공","제공","제공","부착","제공","제공","제공","가능","2026-08-31 02:01:02"
"506","중림동주민센터","서울특별시 중구 만리재로 175 (만리동2가, 서울역센트럴자이)","옥외 부스","00:00 ","2400  ","00:00 ","2400  ","","http://www.junggu.seoul.kr/minwon/content.do?cmsid=13984","사용","장애인 정당한 편의 기능 인증(우선구매대상지능정보화제품)","제공","제공","제공","부착","제공","미제공","제공","가능","2026-08-31 01:47:17"
"103","공릉1동주민센터","서울특별시 노원구 동일로186길 3-24(공릉동, 공릉1동주민센터)[499번지 25호 공릉1동주민센터]","2층 민원실 내","09:00 ","18:00 ","      ","      ","주말 및 공휴일 휴무","https://www.nowon.kr/www/minwon/minwon1/minwon1_04.jsp","사용","장애인 정당한 편의 기능 인증(우선구매대상지능정보화제품)","제공","제공","제공","부착","제공","미제공","제공","가능","2026-08-21 10:14:08"
"402","북가좌1동주민센터","서울특별시 서대문구 수색로 100-55(북가좌동)","북가좌1동주민센터 1층 민원실","09:00 ","18:00 ","      ","      ","","http://www.sdm.go.kr/civil/print/automaic.do","사용","장애인 정당한 편의 기능 인증(우선구매대상지능정보화제품)","제공","제공","제공","부착","제공","미제공","제공","가능","2026-09-01 14:14:03"
"518","송파세무서","서울특별시 송파구 강동대로 62(풍납동)","송파세무서 1층 민원봉사실","09:00 ","18:00 ","      ","      ","평일 세무서 업무시간(09:00-18:00)만 발급가능","https://www.songpa.go.kr/www/contents.do?key=2027&","사용","장애인 정당한 편의 기능 인증(우선구매대상지능정보화제품)","제공","제공","제공","부착","제공","미제공","제공","가능","2026-07-01 09:01:37"
"517","오륜동주민센터","서울특별시 송파구 양재대로 1232, 오륜동주민센터 (방이동)","1층 민원실 입구 좌측","09:00 ","18:00 ","      ","      ","평일 업무시간(09:00~18:00)만 가능","https://www.songpa.go.kr/www/contents.do?key=2027&","사용","장애인 정당한 편의 기능 인증(우선구매대상지능정보화제품)","제공","제공","제공","부착","제공","미제공","제공","가능","2026-07-01 09:01:37"
"413","잠실본동 주민센터","서울특별시 송파구 백제고분로 145, 잠실본동복합청사 (잠실동)","2층 민원실 앞","09:00 ","18:00 ","      ","      ","","https://www.songpa.go.kr/www/contents.do?key=2027&","사용","장애인 정당한 편의 기능 인증(우선구매대상지능정보화제품)","제공","제공","제공","부착","제공","미제공","제공","가능","2026-07-01 09:01:37"
"412","방이2동주민센터","서울특별시 송파구 올림픽로34길 5-13, 방이2동 주민센터 (방이동)","주민센터내 민원실","09:00 ","18:00 ","      ","      ","","https://www.songpa.go.kr/www/contents.do?key=2027&","사용","장애인 정당한 편의 기능 인증(우선구매대상지능정보화제품)","제공","제공","제공","부착","제공","미제공","제공","가능","2026-07-01 09:01:37"
"110","신대방2동주민센터","서울특별시 동작구 여의대방로24길 76, 신대방2동 주민자치센터 (신대방동)","2층 민원실","08:00 ","19:00 ","      ","      ","","https://www.dongjak.go.kr/portal/main/contents.do?menuNo=200016","사용","장애인 정당한 편의 기능 인증(우선구매대상지능정보화제품)","제공","제공","제공","부착","제공","미제공","제공","가능","2026-09-02 13:21:24"
"116","역삼1동주민센터1","서울특별시 강남구 역삼로7길 16(역삼동, 역삼1동주민센터 1층 로비)[서울특별시 강남구 역삼동 829번지 20호 역삼1동주민센터 1층 로비]","역삼1동주민센터 1층 로비","08:30 ","18:30 ","08:30 ","18:30 ",".가족관계증명서,등기부등본: 평일 09:00~22:00","https://www.gangnam.go.kr/contents/dispenser/2/view.do?mid=ID03_010103","사용","장애인 정당한 편의 기능 인증(우선구매대상지능정보화제품)","제공","제공","제공","부착","제공","제공","제공","가능","2026-08-03 10:17:31"
"411","송파1동주민센터","서울특별시 송파구 백제고분로 392, 송파1동주민센터 (송파동)","주민센터 입구","09:00 ","18:00 ","      ","      ","","https://www.songpa.go.kr/www/contents.do?key=2027&","사용","장애인 정당한 편의 기능 인증(우선구매대상지능정보화제품)","제공","제공","제공","부착","제공","미제공","제공","가능","2026-07-01 09:01:37"
"410","문정1동주민센터","서울특별시 송파구 동남로 116, 문정1동주민센터 (문정동)","주민센터 내","09:00 ","18:00 ","      ","      ","","https://www.songpa.go.kr/www/contents.do?key=2027&","사용","장애인 정당한 편의 기능 인증(우선구매대상지능정보화제품)","제공","제공","제공","부착","제공","미제공","제공","가능","2026-07-01 09:01:37"
"404","마천2동주민센터","서울특별시 송파구 마천로 287(마천동)","마천2동주민센터 입구","09:00 ","18:00 ","      ","      ","","https://www.songpa.go.kr/www/contents.do?key=2027&","사용","장애인 정당한 편의 기능 인증(우선구매대상지능정보화제품)","제공","제공","제공","부착","제공","미제공","제공","가능","2026-07-01 09:01:37"
"528","금호1가동 성동중앙새마을금고","서울특별시 성동구 금호로 90 (금호동1가)","금호벽산아파트상가 맞은편","00:00 ","2400  ","00:00 ","2400  ","","http://www.sd.go.kr/sd/main.do?op=mainSub&mCode=13A030030000","사용","장애인 정당한 편의 기능 인증(우선구매대상지능정보화제품)","제공","제공","제공","부착","제공","미제공","제공","가능","2026-04-15 16:50:39"
"508","도화동주민센터","서울특별시 마포구 도화길 37(도화동)[서울특별시 마포구 도화동 557번지]","도화동주민센터 입구","08:00 ","20:00 ","      ","      ","2021.4.1. 운영시간 변경","https://www.mapo.go.kr/site/main/content/mapo01010202","사용","장애인 정당한 편의 기능 인증(우선구매대상지능정보화제품)","제공","제공","제공","부착","제공","미제공","제공","가능","2026-03-24 11:05:14"
"507","서강동주민센터","서울특별시 마포구 독막로 165(창전동)[서울특별시 마포구 창전동 145번지 15호]","서강동주민센터 1층 출입문 안","00:00 ","2400  ","00:00 ","2400  ","시스템 점검시간(오전2시~오전5시 제외) / 2021.4.1. 운영시간 변경","https://www.mapo.go.kr/site/main/content/mapo01010202","사용","장애인 정당한 편의 기능 인증(우선구매대상지능정보화제품)","제공","제공","제공","부착","제공","미제공","제공","가능","2026-03-24 11:03:10"
"506","대흥동주민센터","서울특별시 마포구 신촌로26길 10(노고산동)[서울특별시 마포구 노고산동 1번지 50호]","대흥동주민센터","08:00 ","20:00 ","      ","      ","2021.4.1. 운영시간 변경","https://www.mapo.go.kr/site/main/content/mapo01010202","사용","장애인 정당한 편의 기능 인증(우선구매대상지능정보화제품)","제공","제공","제공","부착","제공","미제공","제공","가능","2026-03-24 11:02:52"
"501","서교동주민센터","서울특별시 마포구 동교로15길 7(서교동)[서울특별시 마포구 서교동 478번지 5호]","서교동주민센터","05:00 ","2400  ","05:00 ","2400  ","2021.4.1. 운영시간 변경","https://www.mapo.go.kr/site/main/content/mapo01010202","사용","장애인 정당한 편의 기능 인증(우선구매대상지능정보화제품)","제공","제공","제공","부착","제공","미제공","제공","가능","2026-03-24 10:59:14"
"404","고척1동주민센터","서울특별시 구로구 중앙로3길 18-8(고척동)","고척1동주민센터","09:00 ","18:00 ","      ","      ","주말(공휴일) 이용 불가","https://www.guro.go.kr/www/contents.do;jsessionid=2B2734DF1E4BDABE4C4C17EA2A087147.3c9fdff513c606261?key=1625&","사용","장애인 정당한 편의 기능 인증(우선구매대상지능정보화제품)","제공","제공","제공","부착","제공","미제공","제공","가능","2026-08-24 09:58:03"
"409","강북문화정보도서관","서울특별시 강북구 오현로 145, 강북문화정보도서관 1층 (번동)","강북문화정보도서관 내 1층","09:00 ","21:00 ","09:00 ","21:00 ","둘째, 넷째주 월요일 휴관","http://www.gangbuk.go.kr/www/contents.do?key=58","사용","장애인 정당한 편의 기능 인증(우선구매대상지능정보화제품)","제공","제공","제공","부착","제공","제공","제공","가능","2026-07-20 17:41:00"
"518","난곡동 주민센터","서울특별시 관악구 난곡로30길 40, 난곡동주민센터 (신림동)","주민센터 내","09:00 ","18:00 ","      ","      ","","http://www.gwanak.go.kr/site/gwanak/03/10301040000002016051203.jsp","사용","장애인 편의 기능 포함(일반)","제공","제공","제공","부착","제공","미제공","제공","가능","2026-07-01 10:27:52"
"408","삼전동주민센터","서울특별시 송파구 백제고분로 236, 삼전동주민센터 (삼전동)","민원실 내","09:00 ","18:00 ","      ","      ","평일 업무시간 내","https://www.songpa.go.kr/www/contents.do?key=2027&","사용","장애인 정당한 편의 기능 인증(우선구매대상지능정보화제품)","제공","제공","제공","부착","제공","미제공","제공","가능","2026-07-01 09:01:37"
"407","서울동부지방법원","서울특별시 송파구 법원로 101(문정동)","서울동부지방법원 민원동 1층 무인발급실 내","09:00 ","18:00 ","      ","      ","평일 법원 업무시간(09:00-18:00)만 발급가능","https://www.songpa.go.kr/www/contents.do?key=2027&","사용","장애인 정당한 편의 기능 인증(우선구매대상지능정보화제품)","제공","제공","제공","부착","제공","미제공","제공","가능","2026-07-01 09:01:37"
"406","가락본동주민센터","서울특별시 송파구 송파대로28길 39(가락동)","가락본동주민센터 입구","00:00 ","2400  ","00:00 ","2400  ","365일 24시간(01:00~01:10 시스템운영점검 일시중단)","https://www.songpa.go.kr/www/contents.do?key=2027&","사용","장애인 정당한 편의 기능 인증(우선구매대상지능정보화제품)","제공","제공","제공","부착","제공","미제공","제공","가능","2026-07-01 09:01:37"
"407","신도림테크노마트","서울특별시 구로구 새말로 97(구로동)","(신도림역2번출구와 테크노마트 지하1층 통로와 연결) 지하1층 현금인출기옆","10:30 ","21:00 ","10:30 ","21:30 ","휴무일 운영불가(매월 두번째, 네번째 화요일 휴무)","https://www.guro.go.kr/www/contents.do;jsessionid=2B2734DF1E4BDABE4C4C17EA2A087147.3c9fdff513c606261?key=1625&","사용","장애인 정당한 편의 기능 인증(우선구매대상지능정보화제품)","제공","제공","제공","부착","제공","미제공","제공","가능","2026-03-23 16:10:28"
"522","청림동 관악새마을금고","서울특별시 관악구 청림길 7, 새마을금고 (봉천동)","365코너","07:30 ","23:00 ","07:30 ","23:30 ","","https://www.gwanak.go.kr/site/gwanak/03/10301040000002016051203.jsp","사용","장애인 정당한 편의 기능 인증(우선구매대상지능정보화제품)","제공","제공","제공","부착","제공","미제공","제공","가능","2026-09-01 09:45:56"
"517","대청종합사회복지관","서울특별시 강남구 양재대로55길 10 (일원동, 수서1단지 에스에이치빌)","대청종합사회복지관 앞 옥외부스","00:00 ","2400  ","00:00 ","2400  ","365일 24시간 운영","https://www.gangnam.go.kr/contents/dispenser/2/view.do?mid=FM010103","사용","장애인 정당한 편의 기능 인증(우선구매대상지능정보화제품)","제공","제공","제공","부착","제공","제공","제공","가능","2026-08-03 09:30:35"
"402","강북문화예술회관","서울특별시 강북구 삼각산로 85(수유동)[서울특별시 강북구 수유동 360번지 10호]","강북문화예술회관 로비","06:00 ","22:00 ","06:00 ","18:00 ","토요일 08:00~18:00, 공휴일, 둘째넷째 일요일 휴관","http://www.gangbuk.go.kr/www/contents.do?key=58","사용","장애인 정당한 편의 기능 인증(우선구매대상지능정보화제품)","제공","제공","제공","부착","제공","제공","제공","가능","2026-07-20 17:40:07"
"511","남현동주민센터","서울특별시 관악구 남현1가길 29, 남현동주민센터, 남현파출소 (남현동)","민원실","09:00 ","18:00 ","      ","      ","","http://www.gwanak.go.kr/site/gwanak/03/10301040000002016051203.jsp","사용","장애인 편의 기능 포함(일반)","제공","제공","제공","부착","제공","미제공","제공","가능","2026-07-01 09:39:56"
"512","금호1가동주민센터 KIOSK","서울특별시 성동구 행당로 15(금호동1가)","금호1가동주민센터","08:00 ","19:00 ","      ","      ","주말 및 공휴일 미운영","http://www.sd.go.kr/sd/main.do?op=mainSub&mCode=13A030030000","사용","장애인 정당한 편의 기능 인증(우선구매대상지능정보화제품)","제공","제공","제공","부착","제공","미제공","제공","가능","2026-03-23 15:58:53"
"503","면목3.8동주민센터","서울특별시 중랑구 사가정로51길 48(면목동)","면목3.8동주민센터 1층 민원실","08:50 ","18:00 ","      ","      ","주말휴무","http://www.jungnang.go.kr/portal/main/contents.do?menuNo=200004","사용","장애인 정당한 편의 기능 인증(우선구매대상지능정보화제품)","제공","제공","제공","부착","제공","미제공","제공","가능","2026-03-19 14:34:08"
"419","암사3동주민센터","서울특별시 강동구 고덕로 137, 암사3동주민센터 (암사동)","1층 현관입구","09:00 ","18:00 ","      ","      ","주말, 국경일 및 법정공휴일 발급불가","https://www.gangdong.go.kr/site/contents/koRenew/html00/html04/index04.html","사용","장애인 정당한 편의 기능 인증(우선구매대상지능정보화제품)","제공","제공","제공","부착","제공","미제공","제공","가능","2026-03-19 11:15:39"
"133","삼성2동주민센터2","서울특별시 강남구 봉은사로 419(삼성동)[서울특별시 강남구 삼성동 38번지 34호]","삼성2동주민센터 1층 무인민원발급창구","00:00 ","2400  ","00:00 ","2400  ","365일 24시간 운영","http://www.gangnam.go.kr/contents/dispenser/1/view.do?mid=FM010103","사용","장애인 정당한 편의 기능 인증(우선구매대상지능정보화제품)","제공","제공","제공","부착","제공","제공","제공","가능","2026-03-09 10:45:49"
"525","기업지원센터","서울특별시 금천구 가산디지털1로 145, 에이스하이엔드타워3차 201호 (가산동)","민원실 입구 좌측","09:00 ","18:30 ","      ","      ","","https://www.geumcheon.go.kr/portal/contents.do?key=177","사용","장애인 정당한 편의 기능 인증(우선구매대상지능정보화제품)","제공","제공","제공","부착","제공","미제공","제공","가능","2026-02-25 20:47:39"
"501","목3동주민센터","서울특별시 양천구 목동중앙남로16나길 55(목동)[서울특별시 양천구 목동 642번지 1호]","1층 종합민원실","09:00 ","18:00 ","      ","      ","주말 및 휴일 이용불가","http://www.yangcheon.go.kr/site/yangcheon/01/10101040000002016081013.jsp","사용","장애인 편의 기능 포함(일반)","제공","제공","제공","부착","제공","미제공","제공","불가능","2026-02-10 16:07:23"
"416","봉천역","서울특별시 관악구 남부순환로 지하 1721(봉천동)[979번지 8호]","봉천역5번출구","05:30 ","23:30 ","05:30 ","23:30 ","2025.03.25. 현기기 구매설치일자","http://www.gwanak.go.kr/site/gwanak/03/10301040000002016051203.jsp","사용","장애인 정당한 편의 기능 인증(우선구매대상지능정보화제품)","제공","제공","제공","부착","제공","제공","제공","가능","2026-07-01 15:40:02"
"413","신림역","서울특별시 관악구 남부순환로 지하 1614(신림동)","신림역 3번 출구","05:30 ","23:30 ","05:30 ","23:30 ","2025.03.25. 현기기 구매설치일자","http://www.gwanak.go.kr/site/gwanak/03/10301040000002016051203.jsp","사용","장애인 정당한 편의 기능 인증(우선구매대상지능정보화제품)","제공","제공","제공","부착","제공","제공","제공","가능","2026-07-01 15:40:02"
"412","서울대입구역","서울특별시 관악구 남부순환로 지하 1822(봉천동)","서울대입구역 7번출구","00:00 ","2400  ","00:00 ","2400  ","2025.03.25. 현기기 구매설치일자","http://www.gwanak.go.kr/site/gwanak/03/10301040000002016051203.jsp","사용","장애인 정당한 편의 기능 인증(우선구매대상지능정보화제품)","제공","제공","제공","부착","제공","제공","제공","가능","2026-07-01 15:40:02"
"516","석촌동주민센터","서울특별시 송파구 백제고분로37길 16(석촌동)","동주민센터1층 주차장 옆","00:00 ","2400  ","00:00 ","2400  ","365일 24시간(03:00~03:10 시스템운영점검 일시중단)","https://www.songpa.go.kr/www/contents.do?key=2027&","사용","장애인 정당한 편의 기능 인증(우선구매대상지능정보화제품)","제공","제공","제공","부착","제공","미제공","제공","가능","2026-07-01 09:01:37"
"515","위례동주민센터","서울특별시 송파구 위례광장로 210(장지동)","위례동주민센터 입구","00:00 ","2400  ","00:00 ","2400  ","365일 24시간(위례동 03:00~04:00 시스템운영점검 일시중단)","https://www.songpa.go.kr/www/contents.do?key=2027&","사용","장애인 정당한 편의 기능 인증(우선구매대상지능정보화제품)","제공","제공","제공","부착","제공","미제공","제공","가능","2026-07-01 09:01:37"
"501","잠실2동주민센터","서울특별시 송파구 올림픽로 159(잠실동)","잠실2동주민센터 입구","00:00 ","2400  ","00:00 ","2400  ","365일 24시간(02:00~03:00 시스템운영점검 일시중단)","https://www.songpa.go.kr/www/contents.do?key=2027&","사용","장애인 정당한 편의 기능 인증(우선구매대상지능정보화제품)","제공","제공","제공","부착","제공","미제공","제공","가능","2026-07-01 09:01:37"
"415","서울중앙 새마을금고","서울특별시 송파구 풍성로 40 (풍납동)","풍납동 새마을금고 365코너","07:00 ","23:30 ","07:00 ","23:30 ","","https://www.songpa.go.kr/www/contents.do?key=2027","사용","장애인 정당한 편의 기능 인증(우선구매대상지능정보화제품)","제공","제공","제공","부착","제공","미제공","제공","가능","2026-07-01 09:01:37"
"514","독산1동 주민센터(분소)","서울특별시 금천구 한내로 69-15, 1321동 1층 (독산동, 주공13단지아파트)","주공13단지아파트 1321동 1층 민원실 문 앞","09:00 ","18:00 ","      ","      ","등기부등본, 가족관계등록서류 평일 09:00~18:00 이용","http://www.geumcheon.go.kr/html/048/048001005.html","사용","장애인 정당한 편의 기능 인증(우선구매대상지능정보화제품)","제공","제공","제공","부착","제공","미제공","제공","가능","2026-08-24 17:01:05"
"401","관악구청 민원실1","서울특별시 관악구 관악로 145(봉천동, 관악구청)","민원여권과 입구(1층)","09:00 ","2400  ","00:00 ","2400  ","2008.10.07. 최초 설치일자, 2025.03.25. 현기기 구매설치일자","http://www.gwanak.go.kr/site/gwanak/03/10301040000002016051203.jsp","사용","장애인 정당한 편의 기능 인증(우선구매대상지능정보화제품)","제공","제공","제공","부착","제공","제공","제공","가능","2026-07-01 15:40:02"
"405","롯데백화점 관악점","서울특별시 관악구 봉천로 209, 롯데백화점 (봉천동)","1층 후문 로비","00:00 ","2400  ","00:00 ","2400  ","2021.03.03","http://www.gwanak.go.kr/site/gwanak/03/10301040000002016051203.jsp","사용","장애인 편의 기능 포함(일반)","제공","제공","제공","부착","제공","미제공","제공","가능","2026-07-01 15:40:02"
"403","낙성대역","서울특별시 관악구 남부순환로 지하 1928(봉천동)","낙성대역 2번출구","05:30 ","23:30 ","05:30 ","23:30 ","","http://www.gwanak.go.kr/site/gwanak/03/10301040000002016051203.jsp","사용","장애인 정당한 편의 기능 인증(우선구매대상지능정보화제품)","제공","제공","제공","부착","제공","제공","제공","가능","2026-07-01 15:40:02"
"520","장지동주민센터","서울특별시 송파구 송이로31길 10, 장지동 복합청사 (문정동)","장지동주민센터1층 출입구 옆","09:00 ","18:00 ","      ","      ","","https://www.songpa.go.kr/www/contents.do?key=2027&","사용","장애인 정당한 편의 기능 인증(우선구매대상지능정보화제품)","제공","제공","제공","부착","제공","미제공","제공","가능","2026-07-01 09:01:37"
"506","반포1동주민센터2","서울특별시 서초구 사평대로 273(반포동, 반포1동주민세터)[서울특별시 서초구 반포동 20번지 48호]","1층 옥외부스","00:00 ","2400  ","00:00 ","2400  ","야간, 주말 및 공휴일 등 근무시간 외에는 이용 불가","http://www.seocho.go.kr/site/seocho/01/10101050000002015070109.jsp","사용","장애인 편의 기능 포함(일반)","제공","제공","제공","부착","제공","미제공","제공","불가능","2026-02-09 10:30:27"
"504","불광1동주민센KIOSK 2","서울특별시 은평구 진흥로15길 10(불광동)[서울특별시 은평구 불광동 613번지 1호]","불광1동주민센터 1층현관문 들어오자마자 좌측","08:00 ","19:00 ","      ","      ","토.일요일 및 공휴일 미운영","http://www.ep.go.kr/CmsWeb/viewPage.req?idx=PG0000000763","사용","장애인 정당한 편의 기능 인증(우선구매대상지능정보화제품)","제공","제공","제공","부착","제공","미제공","제공","가능","2026-02-06 09:51:30"
"505","신사동주민센터","서울특별시 관악구 조원로 142(신림동)","민원실내","09:00 ","18:00 ","      ","      ","","http://www.gwanak.go.kr/site/gwanak/03/10301040000002016051203.jsp","사용","장애인 정당한 편의 기능 인증(우선구매대상지능정보화제품)","제공","제공","제공","부착","제공","제공","제공","가능","2026-01-29 09:38:25"
"407","동작세무서","서울특별시 영등포구 대방천로 259, 동작세무서 (신길동)","2층 복도","09:00 ","18:00 ","      ","      ","","http://www.dongjak.go.kr/portal/main/contents.do?menuNo=200016","사용","장애인 정당한 편의 기능 인증(우선구매대상지능정보화제품)","제공","제공","제공","부착","제공","제공","제공","가능","2026-09-02 13:21:24"
"401","보라매병원","서울특별시 동작구 보라매로5길 20(신대방동, 보라매병원)[서울특별시 동작구 신대방동 425번지]","희망관 1층 로비","00:00 ","2400  ","00:00 ","2400  ","","http://www.dongjak.go.kr/portal/main/contents.do?menuNo=200016","사용","장애인 정당한 편의 기능 인증(우선구매대상지능정보화제품)","제공","제공","제공","부착","제공","제공","제공","가능","2026-09-02 13:21:24"
"173","역삼역","서울특별시 강남구 테헤란로 156(역삼동, 역삼역 지하1층 5번출구)","2호선 역삼역 지하1층 5번출구","05:30 ","23:59 ","05:30 ","23:59 ","","https://www.gangnam.go.kr/contents/dispenser/2/view.do?mid=ID03_010103","사용","장애인 정당한 편의 기능 인증(우선구매대상지능정보화제품)","제공","제공","제공","부착","제공","제공","제공","가능","2026-08-03 10:22:40"
"512","서원동주민센터","서울특별시 관악구 신림로 282, 서원동주민센터 (신림동)","민원실","09:00 ","18:00 ","      ","      ","","http://www.gwanak.go.kr/site/gwanak/03/10301040000002016051203.jsp","사용","장애인 편의 기능 포함(일반)","제공","제공","제공","부착","제공","미제공","제공","가능","2026-07-28 10:49:24"
"522","롯데마트 제타플렉스 잠실","서울특별시 송파구 올림픽로 240, 롯데마트 제타플렉스 잠실점 1층 (잠실동)","1층 출입구 보틀벙커, 무지 인근","10:00 ","23:00 ","10:00 ","23:00 ","매주 2,4번째 일요일 휴무","https://www.songpa.go.kr/www/contents.do?key=2027","사용","장애인 정당한 편의 기능 인증(우선구매대상지능정보화제품)","제공","제공","제공","부착","제공","미제공","제공","가능","2026-07-01 09:01:37"
"404","강북구청 종합상황실","서울특별시 강북구 덕릉로 138, 창강빌딩 (번동)","구청 1층 종합상황실(현관 옆)","00:00 ","2400  ","00:00 ","2400  ","연중 무휴","http://www.gangbuk.go.kr/www/contents.do?key=58","사용","장애인 정당한 편의 기능 인증(우선구매대상지능정보화제품)","제공","제공","제공","부착","제공","제공","제공","가능","2026-06-10 10:30:28"
"504","신림동주민센터","서울특별시 관악구 신림동길 14(신림동)","민원실","09:00 ","18:00 ","      ","      ","","http://www.gwanak.go.kr/site/gwanak/03/10301040000002016051203.jsp","사용","장애인 정당한 편의 기능 인증(우선구매대상지능정보화제품)","제공","제공","제공","부착","제공","제공","제공","가능","2026-01-29 09:38:14"
"522","마포구청3","서울특별시 마포구 월드컵로 212, 마포구청 (성산동)","마포구청 2층 민원실내부","08:50 ","18:00 ","      ","      ","","https://www.mapo.go.kr/site/main/content/mapo01010202","사용","장애인 편의 기능 포함(일반)","제공","제공","제공","부착","제공","미제공","제공","불가능","2026-08-25 17:51:10"
"509","도곡1동주민센터","서울특별시 강남구 도곡로18길 57(도곡동)[서울특별시 강남구 도곡동 892번지 6호]","도곡1동주민센터 옥외 무인민원발급부스","00:00 ","2400  ","00:00 ","2400  ","365일 24시간 운영","http://www.gangnam.go.kr/contents/dispenser/1/view.do?mid=FM010103","사용","장애인 정당한 편의 기능 인증(우선구매대상지능정보화제품)","제공","제공","제공","부착","제공","제공","제공","가능","2026-08-03 10:19:57"
"510","대조동주민센터 KIOSK","서울특별시 은평구 연서로20길 24-3(대조동)[서울특별시 은평구 대조동 214번지 7호]","대조동 주민센터 내","08:00 ","19:00 ","      ","      ","토.일요일 및 공휴일 미운영","http://www.ep.go.kr/CmsWeb/viewPage.req?idx=PG0000000763","사용","장애인 정당한 편의 기능 인증(우선구매대상지능정보화제품)","제공","제공","제공","부착","제공","미제공","제공","가능","2026-05-14 11:21:58"
"516","응암3동주민센터KIOSK2","서울특별시 은평구 불광천길 410-17(응암동)","응암3동주민센터 내","08:00 ","19:00 ","      ","      ","","http://www.ep.go.kr/CmsWeb/viewPage.req?idx=PG0000000763","사용","장애인 정당한 편의 기능 인증(우선구매대상지능정보화제품)","제공","제공","제공","부착","제공","미제공","제공","가능","2026-05-04 09:47:09"
"523","서초2동주민센터2","서울특별시 서초구 서초대로70길 51, 서초2동주민센터 (서초동)","입구(오른쪽)","00:00 ","2400  ","00:00 ","2400  ","","https://www.seocho.go.kr/site/seocho/01/10101050000002015070109.jsp","사용","장애인 정당한 편의 기능 인증(우선구매대상지능정보화제품)","제공","제공","제공","부착","제공","미제공","제공","가능","2026-04-30 17:06:45"
"502","행운동주민센터","서울특별시 관악구 행운1길 43(봉천동)","동주민센터 내","09:00 ","18:00 ","      ","      ","","http://www.gwanak.go.kr/site/gwanak/03/10301040000002016051203.jsp","사용","장애인 정당한 편의 기능 인증(우선구매대상지능정보화제품)","제공","제공","제공","부착","제공","제공","제공","가능","2026-01-29 09:37:52"
"514","대치4동주민센터2","서울특별시 강남구 도곡로77길 23, 대치4동주민센터 (대치동)","대치4동 주민센터 2층 민원실내부","08:30 ","18:30 ","      ","      ","토,일요일 및 공휴일 발급불가","http://www.gangnam.go.kr/contents/dispenser/2/view.do?mid=FM010103","사용","장애인 편의 기능 포함(일반)","제공","제공","제공","부착","제공","제공","제공","가능","2026-01-27 17:08:27"
"169","신사역","서울특별시 강남구 도산대로 지하 102, 신사역 (신사동)","3호선 신사역 지하1층 1,8번 출구 물품보관소 옆","05:30 ","23:59 ","05:30 ","23:59 ","","https://www.gangnam.go.kr/contents/dispenser/2/view.do?mid=ID03_010103","사용","장애인 정당한 편의 기능 인증(우선구매대상지능정보화제품)","제공","제공","제공","부착","제공","제공","제공","가능","2026-08-03 09:30:35"
"524","메디힐 병원","서울특별시 양천구 남부순환로 331, 메디힐병원 1층 (신월동)","메디힐 병원 1층 atm기 옆","08:30 ","19:00 ","08:30 ","14:00 ","일요일, 공휴일 운영 안 함","https://www.yangcheon.go.kr/site/yangcheon/01/10101040000002016081013.jsp","사용","장애인 편의 기능 포함(일반)","제공","제공","제공","부착","제공","미제공","제공","불가능","2026-07-13 08:50:20"
"523","등촌신협","서울특별시 양천구 공항대로 550, 등촌신용협동조합 1층 (목동)","등촌신협 1층","00:00 ","2400  ","00:00 ","2400  ","","https://www.yangcheon.go.kr/site/yangcheon/01/10101040000002016081013.jsp","사용","장애인 편의 기능 포함(일반)","제공","제공","제공","부착","제공","미제공","제공","불가능","2026-07-13 08:50:20"
"522","목동사거리점 신목신협","서울특별시 양천구 등촌로 46-1, 1,2층 (목동)","1층내부","07:00 ","23:00 ","07:00 ","23:00 ","","https://www.yangcheon.go.kr/site/yangcheon/01/10101040000002016081013.jsp","사용","장애인 편의 기능 포함(일반)","제공","제공","제공","부착","제공","미제공","제공","불가능","2026-07-13 08:50:20"
"520","서남병원","서울특별시 양천구 신정이펜1로 20(신정동)","1층 로비","00:00 ","2400  ","00:00 ","2400  ","","http://www.yangcheon.go.kr/site/yangcheon/01/10101040000002016081013.jsp","사용","장애인 편의 기능 포함(일반)","제공","제공","제공","부착","제공","미제공","제공","불가능","2026-07-13 08:50:20"
"403","양천구청_민원실1","서울특별시 양천구 목동동로 105(신정동)[321번지 4호]","1층 현관 밖","00:00 ","2400  ","00:00 ","2400  ","주말 및 휴일 이용","http://www.yangcheon.go.kr/site/yangcheon/01/10101040000002016081013.jsp","사용","장애인 편의 기능 포함(일반)","제공","제공","제공","부착","제공","미제공","제공","불가능","2026-07-13 08:50:20"
"507","서초2동주민센터1","서울특별시 서초구 서초대로70길 51(서초동)","입구(오른쪽)","00:00 ","2400  ","00:00 ","2400  ","","http://www.seocho.go.kr/site/seocho/01/10101050000002015070109.jsp","사용","장애인 정당한 편의 기능 인증(우선구매대상지능정보화제품)","제공","제공","제공","부착","제공","미제공","제공","가능","2026-04-30 17:01:04"
"522","연희동주민센터2","서울특별시 서대문구 연희로 189(연희동)","연희동주민센터 1층 민원실","09:00 ","18:00 ","      ","      ","","http://www.sdm.go.kr/civil/print/automaic.do","사용","장애인 정당한 편의 기능 인증(우선구매대상지능정보화제품)","제공","제공","제공","부착","제공","미제공","제공","가능","2026-01-27 16:46:45"
"521","서울서부지방법원 등기국","서울특별시 마포구 마포대로 199, 서울서부지방법원 등기국 1층 (아현동)","1층 로비","09:00 ","18:00 ","      ","      ","","https://www.mapo.go.kr/site/main/content/mapo01010202","사용","장애인 정당한 편의 기능 인증(우선구매대상지능정보화제품)","제공","제공","제공","부착","제공","미제공","제공","가능","2026-08-25 15:45:14"
"519","마포세무서","서울특별시 마포구 독막로 234(신수동)[서울특별시 마포구 신수동 43번지]","마포세무서 1층 민원실 내","09:00 ","18:00 ","      ","      ","","https://www.mapo.go.kr/site/main/content/mapo01010202","사용","장애인 정당한 편의 기능 인증(우선구매대상지능정보화제품)","제공","제공","제공","부착","제공","미제공","제공","가능","2026-08-14 13:41:12"
"505","신수동주민센터","서울특별시 마포구 독막로 192(신수동)","신수동주민센터 내","08:00 ","20:00 ","      ","      ","2021.4.1. 운영시간 변경","https://www.mapo.go.kr/site/main/content/mapo01010202","사용","장애인 정당한 편의 기능 인증(우선구매대상지능정보화제품)","제공","제공","제공","부착","제공","미제공","제공","가능","2026-08-14 13:40:36"
"424","군자동주민센터","서울특별시 광진구 면목로 13, 군자동 복합청사 1층 (군자동)","1층 입구","00:00 ","2400  ","00:00 ","2400  ","","https://www.gwangjin.go.kr/portal/main/contents.do?menuNo=200030","사용","장애인 정당한 편의 기능 인증(우선구매대상지능정보화제품)","제공","제공","제공","부착","제공","미제공","제공","가능","2026-04-27 17:03:16"
"420","자양1동주민센터","서울특별시 광진구 자양로13길 37(자양동)","자양1동주민센터","08:00 ","19:00 ","      ","      ","주말 및 공휴일 발급불가","https://www.gwangjin.go.kr/portal/main/contents.do?menuNo=200030","사용","장애인 정당한 편의 기능 인증(우선구매대상지능정보화제품)","제공","제공","제공","부착","제공","미제공","제공","가능","2026-04-21 10:04:01"
"418","구의2동주민센터","서울특별시 광진구 천호대로136길 55 (구의동)","구의2동주민센터 1층 입구 오른쪽","00:00 ","2400  ","00:00 ","2400  ","","https://www.gwangjin.go.kr/portal/main/contents.do?menuNo=200030","사용","장애인 정당한 편의 기능 인증(우선구매대상지능정보화제품)","제공","제공","제공","부착","제공","미제공","제공","가능","2026-04-21 10:03:32"
"417","능동주민센터","서울특별시 광진구 천호대로112길 55(능동)","능동주민센터(1층)","08:00 ","18:00 ","      ","      ","주말 및 공휴일 발급불가","https://www.gwangjin.go.kr/portal/main/contents.do?menuNo=200030","사용","장애인 정당한 편의 기능 인증(우선구매대상지능정보화제품)","제공","제공","제공","부착","제공","미제공","제공","가능","2026-04-21 10:03:19"
"404","서울서부지방법원","서울특별시 마포구 마포대로 174(공덕동)[서울특별시 마포구 공덕동 105번지 1호]","서울서부지방법원 2층 등기과 로비","09:00 ","18:00 ","      ","      ","주말(공휴일) 정기휴무","https://www.mapo.go.kr/site/main/content/mapo01010202","사용","장애인 정당한 편의 기능 인증(우선구매대상지능정보화제품)","제공","제공","제공","부착","제공","미제공","제공","가능","2026-08-25 15:45:01"
"505","더좋은새마을금고 이문1동점","서울특별시 동대문구 이문로30길 24 (이문동)","1층 ATM창구","00:00 ","2400  ","00:00 ","2400  ","","https://www.ddm.go.kr/www/contents.do?key=8","사용","장애인 정당한 편의 기능 인증(우선구매대상지능정보화제품)","제공","제공","제공","부착","제공","제공","제공","가능","2026-07-31 16:58:02"
"416","중곡4동주민센터","서울특별시 광진구 긴고랑로 131(중곡동)","중곡4동주민센터","09:00 ","18:00 ","      ","      ","","https://www.gwangjin.go.kr/portal/main/contents.do?menuNo=200030","사용","장애인 정당한 편의 기능 인증(우선구매대상지능정보화제품)","제공","제공","제공","부착","제공","미제공","제공","가능","2026-04-21 10:03:07"
"414","중곡2동주민센터","서울특별시 광진구 능동로 346(중곡동)","1층 민원실 좌측","09:00 ","18:00 ","      ","      ","주말 및 공휴일 발급불가","https://www.gwangjin.go.kr/portal/main/contents.do?menuNo=200030","사용","장애인 정당한 편의 기능 인증(우선구매대상지능정보화제품)","제공","제공","제공","부착","제공","미제공","제공","가능","2026-04-21 10:02:40"
"413","중곡1동주민센터","서울특별시 광진구 긴고랑로12길 49(중곡동)[서울특별시 광진구 중곡동 259번지 10호]","중곡1동주민센터","08:00 ","19:00 ","      ","      ","주말 및 공휴일 발급불가","https://www.gwangjin.go.kr/portal/main/contents.do?menuNo=200030","사용","장애인 정당한 편의 기능 인증(우선구매대상지능정보화제품)","제공","제공","제공","부착","제공","미제공","제공","가능","2026-04-21 10:01:56"
"412","구의1동주민센터","서울특별시 광진구 광나루로36길 56, 구의1동주민센터 (구의동)","구의1동주민센터 내","08:30 ","20:00 ","      ","      ","주말 및 공휴일 발급불가","https://www.gwangjin.go.kr/portal/main/contents.do?menuNo=200030","사용","장애인 정당한 편의 기능 인증(우선구매대상지능정보화제품)","제공","제공","제공","부착","제공","미제공","제공","가능","2026-04-21 10:01:39"
"209","창2동 주민센터","서울특별시 도봉구 덕릉로59길 73-3(창동)[서울특별시 도봉구 창동 632번지 73호]","민원실 내부","08:30 ","18:30 ","      ","      ","주말(공휴일) 미운영","http://www.dobong.go.kr/Contents.asp?code=10003644","사용","장애인 정당한 편의 기능 인증(우선구매대상지능정보화제품)","제공","제공","제공","부착","제공","제공","제공","가능","2026-04-20 10:13:33"
"404","고려대역","서울특별시 성북구 종암로 1(종암동)","6호선고려대역사안(지하) 2번출구쪽","05:00 ","02:00 ","05:00 ","02:00 ","","https://www.sb.go.kr/PageLink.do?link=forward:use/PageContent.do&tempParam1=&menuNo=01000000&subMenuNo=01040000&thirdMenuNo=01040100&fourthMenuNo=","사용","장애인 정당한 편의 기능 인증(우선구매대상지능정보화제품)","제공","제공","제공","부착","제공","제공","제공","가능","2026-08-20 13:00:30"
"503","청담동주민센터","서울특별시 강남구 압구정로79길 26(청담동)[서울특별시 강남구 청담동 124번지 1호]","청담동주민센터 1층 무인민원발급창구","00:00 ","2400  ","00:00 ","2400  ","365일 24시간 운영","http://www.gangnam.go.kr/contents/dispenser/1/view.do?mid=FM010103","사용","장애인 정당한 편의 기능 인증(우선구매대상지능정보화제품)","제공","제공","제공","부착","제공","제공","제공","가능","2026-08-04 12:45:55"
"504","후암동주민센터","서울특별시 용산구 후암로 32-6(후암동)","후암동 주민센터 출입구","09:00 ","18:00 ","      ","      ","","http://www.yongsan.go.kr/pms/contents/contents.do?contseqn=1594&sitecdv=S0000600&decorator=user28OneClick&menucdv=01140000","사용","장애인 정당한 편의 기능 인증(우선구매대상지능정보화제품)","제공","제공","제공","부착","제공","미제공","제공","가능","2026-08-03 11:01:37"
"429","외대앞역","서울특별시 동대문구 휘경로 27(이문동, 외대앞역)","지하철1호선 외대앞역 2층 맞이방 3,4번 출입구 왼쪽","00:00 ","2400  ","00:00 ","2400  ","","http://www.ddm.go.kr/civil/multiCivilNoPeople.jsp","사용","장애인 정당한 편의 기능 인증(우선구매대상지능정보화제품)","제공","제공","제공","부착","제공","제공","제공","가능","2026-07-31 16:55:24"
"529","경의중앙선 왕십리역","서울특별시 성동구 왕십리광장로 17, 왕십리민자역사 2층 (행당동)","2층 경의중앙선 개찰구 앞 로비","04:00 ","2400  ","04:00 ","2400  ","지하철 운영시간 내 운영","http://www.sd.go.kr/sd/main.do?op=mainSub&mCode=13A030030000","사용","장애인 정당한 편의 기능 인증(우선구매대상지능정보화제품)","제공","제공","제공","부착","제공","미제공","제공","가능","2026-04-15 16:47:01"
"407","용산구청 1층","서울특별시 용산구 녹사평대로 150, 용산구종합행정타운 1층 (이태원동)","1층 보건소 출입구 옆","00:00 ","2400  ","00:00 ","2400  ","","https://www.yongsan.go.kr/portal/main/contents.do?menuNo=200016","사용","장애인 정당한 편의 기능 인증(우선구매대상지능정보화제품)","제공","제공","제공","부착","제공","미제공","제공","가능","2026-04-15 16:42:10"
"520","가양2동주민센터","서울특별시 강서구 허준로 93, 가양2동주민센터 (가양동)","가양2동주민센터 1층 민원실 우측","09:00 ","18:00 ","      ","      ","일,공휴일 운영 안함","https://www.gangseo.seoul.kr/gs0101071","사용","장애인 정당한 편의 기능 인증(우선구매대상지능정보화제품)","제공","제공","제공","부착","제공","미제공","제공","가능","2026-08-28 13:49:04"
"515","등촌1동주민센터","서울특별시 강서구 공항대로53가길 55, 등촌1동주민센터 (등촌동)","등촌1동주민센터 민원실 입구 좌측","09:00 ","18:00 ","      ","      ","","https://www.gangseo.seoul.kr/gs0101071","사용","장애인 정당한 편의 기능 인증(우선구매대상지능정보화제품)","제공","제공","제공","부착","제공","미제공","제공","가능","2026-08-28 13:49:04"
"411","방배본동주민센터","서울특별시 서초구 동광로19길 38(방배동)","1층 민원실","08:00 ","21:00 ","      ","      ","야간, 주말 및 공휴일 등 근무시간 외에는 이용 불가","http://www.seocho.go.kr/site/seocho/01/10101050000002015070109.jsp","사용","장애인 정당한 편의 기능 인증(우선구매대상지능정보화제품)","제공","제공","제공","부착","제공","미제공","제공","가능","2026-04-07 10:43:03"
"504","신월2동주민센터","서울특별시 양천구 중앙로53길 47(신월동)","1층 민원실","08:30 ","18:00 ","      ","      ","주말 및 휴일 이용불가","http://www.yangcheon.go.kr/site/yangcheon/01/10101040000002016081013.jsp","사용","장애인 편의 기능 포함(일반)","제공","제공","제공","부착","제공","미제공","제공","불가능","2026-04-01 10:59:28"
"509","성산2동주민센터","서울특별시 마포구 월드컵북로30길 22(성산동)[서울특별시 마포구 성산동 603번지]","성산2동 주민센터 내","00:00 ","2400  ","00:00 ","2400  ","시스템 점검시간(오전2시~오전5시 제외)","https://www.mapo.go.kr/site/main/content/mapo01010202","사용","장애인 정당한 편의 기능 인증(우선구매대상지능정보화제품)","제공","제공","제공","부착","제공","미제공","제공","가능","2026-03-24 11:05:52"
"405","동대문구청2","서울특별시 동대문구 천호대로 145(용두동, 동대문구청)","구청 우측 종합민원실 출입구 옆 외부부스(국민은행 앞)","00:00 ","2400  ","00:00 ","2400  ","","https://www.ddm.go.kr/www/contents.do?key=8","사용","장애인 정당한 편의 기능 인증(우선구매대상지능정보화제품)","제공","제공","제공","부착","제공","제공","제공","가능","2026-08-20 15:29:49"
"404","동대문구청1","서울특별시 동대문구 천호대로 145(용두동, 동대문구청)","구청 우측 종합민원실 출입구 옆 외부부스(국민은행 앞)","00:00 ","2400  ","00:00 ","2400  ","","https://www.ddm.go.kr/www/contents.do?key=8","사용","장애인 정당한 편의 기능 인증(우선구매대상지능정보화제품)","제공","제공","제공","부착","제공","제공","제공","가능","2026-08-20 15:29:36"
"504","합정역","서울특별시 마포구 양화로 지하 45(합정동)[서울특별시 마포구 합정동 414번지]","[합정역 2호선 5번 출입구 계단 옆]","05:00 ","01:00 ","05:00 ","2400  ","","https://www.mapo.go.kr/site/main/content/mapo01010202","사용","장애인 정당한 편의 기능 인증(우선구매대상지능정보화제품)","제공","제공","제공","부착","제공","미제공","제공","가능","2026-03-24 11:00:26"
"503","공덕동주민센터","서울특별시 마포구 만리재옛길 84(공덕동)[서울특별시 마포구 공덕동 29번지 6호]","공덕동주민센터 1층 출입문 옆","08:00 ","20:00 ","      ","      ","2021.4.1. 운영시간 변경","https://www.mapo.go.kr/site/main/content/mapo01010202","사용","장애인 정당한 편의 기능 인증(우선구매대상지능정보화제품)","제공","제공","제공","부착","제공","미제공","제공","가능","2026-03-24 10:59:54"
"508","홈플러스 시흥점","서울특별시 금천구 시흥대로 201(시흥동, 시흥홈플러스)","시흥동 홈플러스 1층 후문입구","10:00 ","23:00 ","10:00 ","23:00 ","홈플러스 휴무일 미운영","http://www.geumcheon.go.kr/html/048/048001005.html","사용","장애인 편의 기능 포함(일반)","제공","제공","제공","부착","제공","미제공","제공","불가능","2026-03-03 13:19:30"
"515","논현1동주민센터2","서울특별시 강남구 학동로20길 25, 논현1동주민센터 (논현동)","3층 엘레베이터 옆","08:30 ","18:30 ","      ","      ","","https://www.gangnam.go.kr/contents/dispenser/2/view.do?mid=FM010103","사용","장애인 정당한 편의 기능 인증(우선구매대상지능정보화제품)","제공","제공","제공","부착","제공","제공","제공","가능","2026-01-27 16:44:36"
"510","도곡2동주민센터","서울특별시 강남구 남부순환로378길 34-9(도곡동)[서울특별시 강남구 도곡동 459번지]","도곡2동주민센터 1층 무인민원발급창구","00:00 ","2400  ","00:00 ","2400  ","365일 24시간 운영","http://www.gangnam.go.kr/contents/dispenser/1/view.do?mid=FM010103","사용","장애인 정당한 편의 기능 인증(우선구매대상지능정보화제품)","제공","제공","제공","부착","제공","제공","제공","가능","2026-01-27 16:43:14"
"506","개포3동주민센터","서울특별시 강남구 개포로 607(개포동)[서울특별시 강남구 개포동 12번지 6호]","개포3동주민센터 옥외 무인민원발급부스","00:00 ","2400  ","00:00 ","2400  ","365일 24시간 운영","http://www.gangnam.go.kr/contents/dispenser/1/view.do?mid=FM010103","사용","장애인 정당한 편의 기능 인증(우선구매대상지능정보화제품)","제공","제공","제공","부착","제공","제공","제공","가능","2026-01-27 16:42:14"
"404","신사동주민센터","서울특별시 강남구 압구정로 128(신사동)[서울특별시 강남구 신사동 548번지 1호]","신사동주민센터 옥외 무인민원발급창구","00:00 ","2400  ","00:00 ","2400  ","365일 24시간 운영","http://www.gangnam.go.kr/contents/dispenser/1/view.do?mid=FM010103","사용","장애인 정당한 편의 기능 인증(우선구매대상지능정보화제품)","제공","제공","제공","부착","제공","미제공","제공","가능","2026-01-27 16:40:48"
"421","농협 전농동지점","서울특별시 동대문구 전농로 136(전농동, 농협 전농동지점)","1층 ATM 창구","00:00 ","2400  ","00:00 ","2400  ","","http://www.ddm.go.kr/civil/multiCivilNoPeople.jsp","사용","장애인 정당한 편의 기능 인증(우선구매대상지능정보화제품)","제공","제공","제공","부착","제공","제공","제공","가능","2026-08-25 21:06:52"
"422","답십리새마을금고","서울특별시 동대문구 전농로 58(답십리동)[서울특별시 동대문구 답십리동 36번지 69호]","답십리새마을금고 1층 ATM창구","06:00 ","23:00 ","06:00 ","23:00 ","","http://www.ddm.go.kr/civil/multiCivilNoPeople.jsp","사용","장애인 정당한 편의 기능 인증(우선구매대상지능정보화제품)","제공","제공","제공","부착","제공","제공","제공","가능","2026-07-31 16:54:33"
"407","강일동주민센터","서울특별시 강동구 아리수로93길 9-14(강일동)[서울특별시 강동구 강일동 678번지 0호]","강일동복합청사 내부","08:00 ","22:00 ","08:00 ","22:00 ","국경일 및 법정공휴일 발급불가, 가족관계 관련은 일요일 불가","https://www.gangdong.go.kr/site/contents/koRenew/html00/html04/index04.html","사용","장애인 정당한 편의 기능 인증(우선구매대상지능정보화제품)","제공","제공","제공","부착","제공","미제공","제공","가능","2026-03-19 10:41:49"
"521","내곡느티나무쉼터","서울특별시 서초구 염곡말길 9, 내곡느티나무쉼터 (염곡동)","1층 로비","09:00 ","18:00 ","      ","      ","야간, 주말 및 공휴일 등 근무시간 외에는 이용불가","http://www.seocho.go.kr/site/seocho/01/10101050000002015070109.jsp","사용","장애인 정당한 편의 기능 인증(우선구매대상지능정보화제품)","제공","제공","제공","부착","제공","미제공","제공","가능","2026-03-11 15:56:02"
"524","대치1동주민센터2","서울특별시 강남구 남부순환로391길 19, 대치1문화센터 (대치동)","민원실내","08:30 ","18:30 ","      ","      ","","http://www.gangnam.go.kr/contents/dispenser/1/view.do?mid=FM010103","사용","장애인 편의 기능 포함(일반)","제공","제공","제공","부착","제공","제공","제공","가능","2026-03-11 09:17:45"
"118","삼성2동주민센터3","서울특별시 강남구 봉은사로 419(삼성동)[서울특별시 강남구 삼성동 38번지 34호]","삼성2동주민센터 1층 민원실 앞 로비","08:30 ","18:30 ","      ","      ","토, 일요일 및 공휴일 발급 불가","http://www.gangnam.go.kr/contents/dispenser/1/view.do?mid=FM010103","사용","장애인 정당한 편의 기능 인증(우선구매대상지능정보화제품)","제공","제공","제공","부착","제공","제공","제공","가능","2026-03-09 10:45:49"
"115","대치4동주민센터","서울특별시 강남구 도곡로77길 23(대치동)[서울특별시 강남구 대치동 928번지 22호]","대치4동주민센터 옥외 무인민원발급부스","00:00 ","2400  ","00:00 ","2400  ","365일 24시간 운영","http://www.gangnam.go.kr/contents/dispenser/1/view.do?mid=FM010103","사용","장애인 정당한 편의 기능 인증(우선구매대상지능정보화제품)","제공","제공","제공","부착","제공","제공","제공","가능","2026-01-27 16:40:07"
"524","화곡2동주민센터","서울특별시 강서구 곰달래로37길 13, 화곡2동주민센터 (화곡동)","1층 로비","09:00 ","18:00 ","09:00 ","13:00 ","일,공휴일 운영 안함","https://www.gangseo.seoul.kr/gs0101071","사용","장애인 편의 기능 포함(일반)","제공","제공","제공","부착","제공","미제공","제공","불가능","2026-08-28 13:49:04"
"420","장안동 현대홈타운아파트","서울특별시 동대문구 장안벚꽃로 107(장안동, 장안현대홈타운아파트)","현대홈타운아파트 단지내 복지관 1층","00:00 ","2400  ","00:00 ","2400  ","","http://www.ddm.go.kr/civil/multiCivilNoPeople.jsp","사용","장애인 정당한 편의 기능 인증(우선구매대상지능정보화제품)","제공","제공","제공","부착","제공","제공","제공","가능","2026-07-31 16:53:58"
"401","은평구청","서울특별시 은평구 은평로 195(녹번동, 은평구청 본관1층)","은평구청 본관 1층","00:00 ","2400  ","00:00 ","2400  ","등기부등본은 평일 9시~18시, 가족관계 및 제적등초본은 평일 8시~20시, 토요일 8시~17시에만 발급가능","http://www.ep.go.kr/CmsWeb/viewPage.req?idx=PG0000000763","사용","장애인 정당한 편의 기능 인증(우선구매대상지능정보화제품)","제공","제공","제공","부착","제공","미제공","제공","가능","2026-03-06 16:05:46"
"418","서초구청5(법인전용)","서울특별시 서초구 남부순환로 2584, 서초구청, 서초구의회 (서초동)","서초구청 1층 오케이민원센터 내 스마트존","09:00 ","18:00 ","      ","      ","","http://www.seocho.go.kr/site/seocho/01/10101050000002015070109.jsp","사용","장애인 편의 기능 포함(일반)","제공","제공","제공","부착","제공","미제공","제공","불가능","2026-07-02 20:41:01"
"400","도봉세무서","서울특별시 강북구 도봉로 117(미아동)[서울특별시 강북구 미아동 327번지 5호 도봉세무서]","도봉세무서 1층 중앙출구 로비","09:00 ","18:00 ","      ","      ","","http://www.gangbuk.go.kr/www/contents.do?key=58","사용","장애인 정당한 편의 기능 인증(우선구매대상지능정보화제품)","제공","제공","제공","부착","제공","제공","제공","가능","2026-03-01 10:46:42"
"401","미아역","서울특별시 강북구 도봉로 지하 198(미아동)[서울특별시 강북구 미아동 194번지 1호]","미아역 8번출구","06:00 ","23:55 ","06:00 ","23:55 ","","http://www.gangbuk.go.kr/www/contents.do?key=58","사용","장애인 정당한 편의 기능 인증(우선구매대상지능정보화제품)","제공","제공","제공","부착","제공","제공","제공","가능","2026-03-01 10:46:42"
"507","북아현동주민센터","서울특별시 서대문구 북아현로 24(북아현동)","북아현동주민센터 1층 민원실","09:00 ","18:00 ","      ","      ","","http://www.sdm.go.kr/civil/print/automaic.do","사용","장애인 정당한 편의 기능 인증(우선구매대상지능정보화제품)","제공","제공","제공","부착","제공","미제공","제공","가능","2026-01-27 16:31:03"
"406","둔촌동역","서울특별시 강동구 양재대로 지하 1369(둔촌동)[서울특별시 강동구 둔촌동 416번지 둔촌동역]","지하철 5호선 둔촌동역 지하 대합실","05:00 ","01:00 ","05:00 ","2400  ","지하철역사 운영시간내 발급가능(연중무휴)","https://www.gangdong.go.kr/site/contents/koRenew/html00/html04/index04.html","사용","장애인 정당한 편의 기능 인증(우선구매대상지능정보화제품)","제공","제공","제공","부착","제공","제공","제공","가능","2026-07-01 09:11:46"
"523","향군타워","서울특별시 송파구 올림픽로35길 123, 향군타워 (신천동)","1층 로비 하나은행 ATM 옆","00:00 ","2400  ","00:00 ","2400  ","","https://www.songpa.go.kr/www/contents.do?key=2027&","사용","장애인 정당한 편의 기능 인증(우선구매대상지능정보화제품)","제공","제공","제공","부착","제공","미제공","제공","가능","2026-07-01 09:01:37"
"414","우리은행 문정중앙금융센터","서울특별시 송파구 법원로 128, 문정역SKV1 C동 1층 (문정동)","우리은행 문정중앙금융센터 1층 365코너 내","07:00 ","23:30 ","07:00 ","23:30 ","","https://www.songpa.go.kr/www/contents.do?key=2027","사용","장애인 정당한 편의 기능 인증(우선구매대상지능정보화제품)","제공","제공","제공","부착","제공","미제공","제공","가능","2026-07-01 09:01:37"
"412","월곡2동주민센터","서울특별시 성북구 화랑로 152(상월곡동)","청사내","08:30 ","18:00 ","      ","      ","","http://www.seongbuk.go.kr/sb_new/convenient/synthesis/manless/manless.jsp","사용","장애인 정당한 편의 기능 인증(우선구매대상지능정보화제품)","제공","제공","제공","부착","제공","미제공","제공","가능","2026-02-11 15:50:33"
"504","남가좌2동주민센터","서울특별시 서대문구 증가로10길 28(남가좌동)","남가좌2동주민센터 1층 민원실","09:00 ","18:00 ","      ","      ","","http://www.sdm.go.kr/civil/print/automaic.do","사용","장애인 정당한 편의 기능 인증(우선구매대상지능정보화제품)","제공","제공","제공","부착","제공","미제공","제공","가능","2026-01-27 16:30:07"
"403","동대문구청3","서울특별시 동대문구 천호대로 145, 동대문구청 (용두동)","구청 종합민원실 내 동대문책마당 출입구 옆(부동산정보과 앞)","09:00 ","18:00 ","      ","      ","","https://www.ddm.go.kr/www/contents.do?key=8","사용","장애인 정당한 편의 기능 인증(우선구매대상지능정보화제품)","제공","제공","제공","부착","제공","제공","제공","가능","2026-08-20 15:29:21"
"104","흑석동주민센터","서울특별시 동작구 흑석한강로 11(흑석동)[서울특별시 동작구 흑석동 335번지 2호]","1층 민원실","08:00 ","19:00 ","      ","      ","주말 공휴일 미운영","http://www.dongjak.go.kr/portal/main/contents.do?menuNo=200016","사용","장애인 정당한 편의 기능 인증(우선구매대상지능정보화제품)","제공","제공","제공","부착","제공","미제공","제공","가능","2026-07-31 16:05:48"
"519","e-푸른새마을금고 본점","서울특별시 은평구 응암로 178-1, e푸른새마을금고 (응암동)","1층내부","07:00 ","23:00 ","07:00 ","23:00 ","","https://www.ep.go.kr/CmsWeb/viewPage.req?idx=PG0000000763","사용","장애인 정당한 편의 기능 인증(우선구매대상지능정보화제품)","제공","제공","제공","부착","제공","미제공","제공","가능","2026-02-04 17:00:10"
"506","미성동 주민센터","서울특별시 관악구 난곡로 249(신림동)","민원실내","09:00 ","18:00 ","      ","      ","","http://www.gwanak.go.kr/site/gwanak/03/10301040000002016051203.jsp","사용","장애인 정당한 편의 기능 인증(우선구매대상지능정보화제품)","제공","제공","제공","부착","제공","제공","제공","가능","2026-01-29 13:25:06"
"520","서림동주민센터","서울특별시 관악구 신림로29길 6, 서림동주민센터 (신림동)","주민센터 내","09:00 ","18:00 ","      ","      ","","http://www.gwanak.go.kr/site/gwanak/03/10301040000002016051203.jsp","사용","장애인 편의 기능 포함(일반)","제공","제공","제공","부착","제공","미제공","제공","가능","2026-01-29 10:00:08"
"513","조원동주민센터","서울특별시 관악구 조원로12길 25, 조원동주민센터 (신림동)","민원실내","09:00 ","18:00 ","      ","      ","","http://www.gwanak.go.kr/site/gwanak/03/10301040000002016051203.jsp","사용","장애인 정당한 편의 기능 인증(우선구매대상지능정보화제품)","제공","제공","제공","부착","제공","제공","제공","가능","2026-01-29 09:59:02"
"401","홍제2동주민센터","서울특별시 서대문구 통일로34길 27(홍제동)","홍제2동주민센터 1층 민원실","09:00 ","18:00 ","      ","      ","","http://www.sdm.go.kr/civil/print/automaic.do","사용","장애인 정당한 편의 기능 인증(우선구매대상지능정보화제품)","제공","제공","제공","부착","제공","미제공","제공","가능","2026-01-27 16:27:41"
"516","독산4동 주민센터","서울특별시 금천구 독산로 232, 독산4동주민센터 (독산동)","독산4동 주민센터 민원실 내","09:00 ","18:00 ","      ","      ","등기부등본, 가족관계등록서류 평일 09:00~18:00 이용","http://www.geumcheon.go.kr/html/048/048001005.html","사용","장애인 정당한 편의 기능 인증(우선구매대상지능정보화제품)","제공","제공","제공","부착","제공","미제공","제공","가능","2026-01-27 16:20:55"
"525","충정로역 KIOSK","서울특별시 서대문구 서소문로 지하 17, 충정로역(2호선) (충정로3가)","1,2,5,6번 출구","06:00 ","2400  ","06:00 ","2400  ","","http://www.sdm.go.kr/civil/print/automaic.do","사용","장애인 정당한 편의 기능 인증(우선구매대상지능정보화제품)","제공","제공","제공","부착","제공","미제공","제공","가능","2026-08-26 16:06:30"
"422","자양3동주민센터","서울특별시 광진구 뚝섬로 568(자양동)","자양3동주민센터 1층 새마을작은도서관 입구","08:00 ","20:00 ","      ","      ","주말 및 공휴일 발급불가","https://www.gwangjin.go.kr/portal/main/contents.do?menuNo=200030","사용","장애인 정당한 편의 기능 인증(우선구매대상지능정보화제품)","제공","제공","제공","부착","제공","미제공","제공","가능","2026-04-21 10:04:40"
"515","합정동주민센터","서울특별시 마포구 월드컵로5길 11(합정동)","합정동주민센터 내","08:00 ","20:00 ","      ","      ","2021.4.1. 운영시간 변경","https://www.mapo.go.kr/site/main/content/mapo01010202","사용","장애인 정당한 편의 기능 인증(우선구매대상지능정보화제품)","제공","제공","제공","부착","제공","미제공","제공","가능","2026-03-24 11:06:56"
"512","독산3동주민센터","서울특별시 금천구 독산로 317(독산동)[서울특별시 금천구 독산동 973번지 17호]","본관 1층 민원실내","09:00 ","18:00 ","      ","      ","등기부등본, 가족관계등록서류 평일 09:00~18:00 이용","http://www.geumcheon.go.kr/html/048/048001005.html","사용","장애인 정당한 편의 기능 인증(우선구매대상지능정보화제품)","제공","제공","제공","부착","제공","미제공","제공","가능","2026-01-28 10:12:21"
"520","일원본동주민센터","서울특별시 강남구 광평로 126, 일원본동주민센터 (일원동)","일원본동주민센터 옥외 무인민원발급부스","00:00 ","2400  ","00:00 ","2400  ","365일 24시간 운영","https://www.gangnam.go.kr/contents/dispenser/2/view.do?mid=FM010103","사용","장애인 편의 기능 포함(일반)","제공","제공","제공","부착","제공","제공","제공","가능","2026-01-27 17:09:08"
"519","개포1동주민센터","서울특별시 강남구 개포로 303 (개포동, 현대1차아파트)","개포1동주민센터 임시청사 1층 무인민원발급창구","00:00 ","2400  ","00:00 ","2400  ","365일 24시간 운영","https://www.gangnam.go.kr/contents/dispenser/2/view.do?mid=FM010103","사용","장애인 편의 기능 포함(일반)","제공","제공","제공","부착","제공","제공","제공","가능","2026-01-27 17:08:53"
"505","마장동주민센터 KIOSK","서울특별시 성동구 마장로42길 11(마장동)","마장동주민센터","00:00 ","2400  ","00:00 ","2400  ","24시간 운영","http://www.sd.go.kr/sd/main.do?mCode=13A030030000&op=mainSub&lay=5","사용","장애인 정당한 편의 기능 인증(우선구매대상지능정보화제품)","제공","제공","제공","부착","제공","미제공","제공","가능","2026-01-27 15:47:07"
"517","홍은2동주민센터","서울특별시 서대문구 모래내로 334(홍은동)","홍은2동주민센터 1층 민원실","09:00 ","18:00 ","      ","      ","","http://www.sdm.go.kr/civil/print/automaic.do","사용","장애인 정당한 편의 기능 인증(우선구매대상지능정보화제품)","제공","제공","제공","부착","제공","미제공","제공","가능","2026-08-27 13:09:49"
"511","개포4동주민센터","서울특별시 강남구 개포로24길 33, 개포4복합문화센터 (개포동)","개포4동주민센터 1층 무인민원발급창구","00:00 ","2400  ","00:00 ","2400  ","365일 24시간 운영","http://www.gangnam.go.kr/contents/dispenser/1/view.do?mid=FM010103","사용","장애인 정당한 편의 기능 인증(우선구매대상지능정보화제품)","제공","제공","제공","부착","제공","제공","제공","가능","2026-08-10 17:47:05"
"526","서울주택도시공사","서울특별시 강남구 개포로 621, SH공사 (개포동)","1층 로비","09:00 ","18:00 ","      ","      ","","https://www.gangnam.go.kr/contents/dispenser/2/view.do?mid=ID03_010103","사용","장애인 정당한 편의 기능 인증(우선구매대상지능정보화제품)","제공","제공","제공","부착","제공","제공","제공","가능","2026-08-03 09:30:35"
"504","삼성1동주민센터","서울특별시 강남구 봉은사로 616(삼성동)[서울특별시 강남구 삼성동 161번지 2호]","삼성1동주민센터 1층","08:30 ","18:30 ","      ","      ","토, 일요일 및 공휴일 발급불가","http://www.gangnam.go.kr/contents/dispenser/1/view.do?mid=FM010103","사용","장애인 정당한 편의 기능 인증(우선구매대상지능정보화제품)","제공","제공","제공","부착","제공","제공","제공","가능","2026-01-27 17:08:11"
"502","압구정동주민센터","서울특별시 강남구 압구정로33길 48(압구정동)[서울특별시 강남구 압구정동 458번지]","압구정동주민센터 1층 민원실 내부","08:30 ","18:30 ","      ","      ","토, 일요일 및 공휴일 발급불가","http://www.gangnam.go.kr/contents/dispenser/1/view.do?mid=FM010103","사용","장애인 정당한 편의 기능 인증(우선구매대상지능정보화제품)","제공","제공","제공","부착","제공","제공","제공","가능","2026-01-27 17:07:47"
"405","역삼2동주민센터","서울특별시 강남구 도곡로43길 25(역삼동)[서울특별시 강남구 역삼동 761번지 26호]","역삼2동주민센터 1층 민원실 내부","08:30 ","18:30 ","      ","      ","토, 일요일 및 공휴일 발급불가","http://www.gangnam.go.kr/contents/dispenser/1/view.do?mid=FM010103","사용","장애인 정당한 편의 기능 인증(우선구매대상지능정보화제품)","제공","제공","제공","부착","제공","제공","제공","가능","2026-01-27 17:07:34"
"516","홍은1동주민센터","서울특별시 서대문구 홍은중앙로 85(홍은동)","홍은1동주민센터 1층 민원실","09:00 ","18:00 ","      ","      ","","http://www.sdm.go.kr/civil/print/automaic.do","사용","장애인 정당한 편의 기능 인증(우선구매대상지능정보화제품)","제공","제공","제공","부착","제공","미제공","제공","가능","2026-08-27 13:09:44"
"406","강남구청3","서울특별시 강남구 학동로 426, 강남구청 (삼성동)","강남구청 종합상황실(구내식당) 입구 옆 옥외부스","00:00 ","2400  ","00:00 ","2400  ","","https://www.gangnam.go.kr/contents/dispenser/2/view.do?mid=ID03_010103","사용","장애인 정당한 편의 기능 인증(우선구매대상지능정보화제품)","제공","제공","제공","부착","제공","제공","제공","가능","2026-08-03 09:30:35"
"402","선릉역2","서울특별시 강남구 테헤란로 340(삼성동, 선릉역 지하 3번출구)","2호선 선릉역 지하 3번 출구","05:30 ","23:59 ","05:30 ","23:59 ","","https://www.gangnam.go.kr/contents/dispenser/2/view.do?mid=ID03_010103","사용","장애인 정당한 편의 기능 인증(우선구매대상지능정보화제품)","제공","제공","제공","부착","제공","제공","제공","가능","2026-08-03 09:30:35"
"510","인헌동주민센터","서울특별시 관악구 남부순환로246가길 20, 인헌동주민센터 (봉천동)","민원실내","09:00 ","18:00 ","      ","      ","","http://www.gwanak.go.kr/site/gwanak/03/10301040000002016051203.jsp","사용","장애인 편의 기능 포함(일반)","제공","제공","제공","부착","제공","미제공","제공","가능","2026-01-29 09:57:45"
"522","압구정동주민센터2","서울특별시 강남구 압구정로33길 48, 압구정동주민센터 (압구정동)","압구정동주민센터 옥외 무인민원발급부스","00:00 ","2400  ","00:00 ","2400  ","365일 24시간 운영","http://www.gangnam.go.kr/contents/dispenser/1/view.do?mid=FM010103","사용","장애인 정당한 편의 기능 인증(우선구매대상지능정보화제품)","제공","제공","제공","부착","제공","제공","제공","가능","2026-01-27 16:45:15"
"518","역삼2동주민센터2","서울특별시 강남구 도곡로43길 25, 역삼2문화센터 (역삼동)","역삼2동주민센터 옥외 무인민원발급부스","00:00 ","2400  ","00:00 ","2400  ","365일 24시간 운영","https://www.gangnam.go.kr/contents/dispenser/2/view.do?mid=FM010103","사용","장애인 정당한 편의 기능 인증(우선구매대상지능정보화제품)","제공","제공","제공","부착","제공","제공","제공","가능","2026-01-27 16:45:04"
"530","한양대학교 병원","서울특별시 성동구 왕십리로 222-1, 한양대학교병원 (사근동)","본관 3층","07:00 ","22:00 ","07:00 ","22:00 ","","http://www.sd.go.kr/sd/main.do?op=mainSub&mCode=13A030030000","사용","장애인 정당한 편의 기능 인증(우선구매대상지능정보화제품)","제공","제공","제공","부착","제공","제공","제공","가능","2026-01-27 15:19:10"
"502","강서구청","서울특별시 강서구 화곡로 302(화곡동)[화곡동 980-16 강서구청]","외부 부스","00:00 ","2400  ","00:00 ","2400  ","","https://www.gangseo.seoul.kr/gs0101071","사용","장애인 정당한 편의 기능 인증(우선구매대상지능정보화제품)","제공","제공","제공","부착","제공","미제공","제공","가능","2026-08-28 09:57:50"
"513","연희동주민센터","서울특별시 서대문구 연희로 189(연희동)","연희동주민센터 1층 민원실","09:00 ","18:00 ","      ","      ","","http://www.sdm.go.kr/civil/print/automaic.do","사용","장애인 정당한 편의 기능 인증(우선구매대상지능정보화제품)","제공","제공","제공","부착","제공","미제공","제공","가능","2026-08-27 13:09:22"
"509","홍제1동주민센터","서울특별시 서대문구 통일로 435-1(홍제동)","홍제1동주민센터 1층 민원실","09:00 ","18:00 ","      ","      ","","http://www.sdm.go.kr/civil/print/automaic.do","사용","장애인 정당한 편의 기능 인증(우선구매대상지능정보화제품)","제공","제공","제공","부착","제공","미제공","제공","가능","2026-08-27 13:04:45"
"505","충현동주민센터","서울특별시 서대문구 북아현로22길 38(북아현동)","충현동주민센터 1층 민원실","09:00 ","18:00 ","      ","      ","","http://www.sdm.go.kr/civil/print/automaic.do","사용","장애인 정당한 편의 기능 인증(우선구매대상지능정보화제품)","제공","제공","제공","부착","제공","미제공","제공","가능","2026-08-27 13:10:00"
"510","효창동주민센터","서울특별시 용산구 효창원로 161, 효창동 주민센터 (효창동)","효창동주민센터 2층 민원실 입구","09:00 ","18:00 ","      ","      ","","http://www.yongsan.go.kr/pms/contents/contents.do?contseqn=1594&sitecdv=S0000600&decorator=user28OneClick&menucdv=01140000","사용","장애인 정당한 편의 기능 인증(우선구매대상지능정보화제품)","제공","제공","제공","부착","제공","미제공","제공","가능","2026-08-20 15:28:43"
"532","한양대 학생회관","서울특별시 성동구 왕십리로 222, 한양대학교 (사근동)","학생회관 앞 신한은행 부스","00:00 ","2400  ","      ","      ","","https://www.sd.go.kr/main/contents.do?key=1224&","사용","장애인 정당한 편의 기능 인증(우선구매대상지능정보화제품)","제공","제공","제공","부착","제공","제공","제공","가능","2026-01-27 15:19:03"
"506","행당제1동주민센터 KIOSK","서울특별시 성동구 고산자로10길 18(행당동)","행당제1동주민센터","00:00 ","2400  ","00:00 ","2400  ","24시간 운영","http://www.sd.go.kr/sd/main.do?mCode=13A030030000&op=mainSub&lay=5","사용","장애인 정당한 편의 기능 인증(우선구매대상지능정보화제품)","제공","제공","제공","부착","제공","미제공","제공","가능","2026-01-27 15:18:30"
"502","노원세무서","서울특별시 도봉구 노해로69길 14, 노원세무서 (창동)","1층 민원실 입구","09:00 ","18:00 ","      ","      ","주말(공휴일) 미운영","http://www.dobong.go.kr/Contents.asp?code=10003644","사용","장애인 정당한 편의 기능 인증(우선구매대상지능정보화제품)","제공","제공","제공","부착","제공","제공","제공","가능","2026-01-27 14:43:22"
"503","서울북부지방법원등기국","서울특별시 도봉구 노해로 325, 서울북부지방법원등기국 (창동)","1층 무인민원발급기실","09:00 ","18:00 ","      ","      ","주말(공휴일) 미운영","http://www.dobong.go.kr/Contents.asp?code=10003644","사용","장애인 정당한 편의 기능 인증(우선구매대상지능정보화제품)","제공","제공","제공","부착","제공","제공","제공","가능","2026-01-27 14:43:09"
"216","창동역","서울특별시 도봉구 마들로11길 77(창동)[서울특별시 도봉구 창동 135번지 1호]","2번출구","05:00 ","2400  ","05:00 ","2400  ","","http://www.dobong.go.kr/Contents.asp?code=10003644","사용","장애인 정당한 편의 기능 인증(우선구매대상지능정보화제품)","제공","제공","제공","부착","제공","제공","제공","가능","2026-01-27 14:24:56"
"406","이촌새마을금고 동부지점","서울특별시 용산구 이촌로 276-1, 1층 (이촌동)","365코너","07:00 ","23:30 ","07:00 ","23:30 ","","https://www.yongsan.go.kr/portal/main/contents.do?menuNo=200016","사용","장애인 정당한 편의 기능 인증(우선구매대상지능정보화제품)","제공","제공","제공","부착","제공","미제공","제공","가능","2026-01-27 13:16:19"
"509","한강로동주민센터2","서울특별시 용산구 한강대로38길 28, 한강로동주민센터 (한강로2가)","2층 민원실","09:00 ","18:00 ","      ","      ","","http://www.yongsan.go.kr/pms/contents/contents.do?contseqn=1594&sitecdv=S0000600&decorator=user28OneClick&menucdv=01140000","사용","장애인 정당한 편의 기능 인증(우선구매대상지능정보화제품)","제공","제공","제공","부착","제공","미제공","제공","가능","2026-01-27 13:13:16"
"507","보광동주민센터","서울특별시 용산구 장문로 95(보광동)[서울특별시 용산구 보광동 217번지 32호]","2층 주민센터 출입구","09:00 ","18:00 ","      ","      ","","http://www.yongsan.go.kr/pms/contents/contents.do?contseqn=1594&sitecdv=S0000600&decorator=user28OneClick&menucdv=01140000","사용","장애인 정당한 편의 기능 인증(우선구매대상지능정보화제품)","제공","제공","제공","부착","제공","미제공","제공","가능","2026-01-27 13:12:48"
"505","원효로1동주민센터","서울특별시 용산구 백범로 350(문배동)","2층 주민센터 출입구","09:00 ","18:00 ","      ","      ","","http://www.yongsan.go.kr/pms/contents/contents.do?contseqn=1594&sitecdv=S0000600&decorator=user28OneClick&menucdv=01140000","사용","장애인 정당한 편의 기능 인증(우선구매대상지능정보화제품)","제공","제공","제공","부착","제공","미제공","제공","가능","2026-01-27 13:12:23"
"514","고척2동주민센터","서울특별시 구로구 중앙로15길 22(고척동)","민원실","09:00 ","18:00 ","      ","      ","주말(공휴일) 이용 불가","https://www.guro.go.kr/www/contents.do;jsessionid=2B2734DF1E4BDABE4C4C17EA2A087147.3c9fdff513c606261?key=1625&","사용","장애인 편의 기능 포함(일반)","제공","제공","제공","부착","제공","미제공","제공","불가능","2026-08-24 09:42:53"
"513","금호23가동주민센터KIOSK","서울특별시 성동구 무수막18길 1(금호동2가)","금호23가동주민센터","00:00 ","00:00 ","00:00 ","00:00 ","","http://www.sd.go.kr/sd/main.do?op=mainSub&mCode=13A030030000","사용","장애인 정당한 편의 기능 인증(우선구매대상지능정보화제품)","제공","제공","제공","부착","제공","미제공","제공","가능","2026-07-28 10:08:26"
"501","도봉1동주민센터","서울특별시 도봉구 도봉로169나길 22(도봉동)","민원실 내부","09:00 ","18:00 ","      ","      ","주말(공휴일) 미가동","http://www.dobong.go.kr/Contents.asp?code=10003644","사용","장애인 정당한 편의 기능 인증(우선구매대상지능정보화제품)","제공","제공","제공","부착","제공","제공","제공","가능","2026-01-27 14:42:20"
"213","도봉2동 주민센터","서울특별시 도봉구 마들로 668(도봉동)[서울특별시 도봉구 도봉동 636번지 9호]","민원실 내부","09:00 ","18:00 ","      ","      ","주말(공휴일) 미운영","http://www.dobong.go.kr/Contents.asp?code=10003644","사용","장애인 정당한 편의 기능 인증(우선구매대상지능정보화제품)","제공","제공","제공","부착","제공","제공","제공","가능","2026-01-27 14:42:04"
"108","쌍문4동 주민센터","서울특별시 도봉구 시루봉로 62-7(쌍문동)[서울특별시 도봉구 쌍문동 59번지 7호]","민원실 내부","08:40 ","18:00 ","      ","      ","주말(공휴일) 미운영","http://www.dobong.go.kr/Contents.asp?code=10003644","사용","장애인 정당한 편의 기능 인증(우선구매대상지능정보화제품)","제공","제공","제공","부착","제공","제공","제공","가능","2026-01-27 14:33:01"
"503","한남동주민센터","서울특별시 용산구 대사관로5길 1(한남동)[서울특별시 용산구 한남동 685번지 43호]","한남동주민센터 1층 민원실","09:00 ","18:00 ","      ","      ","주말(공휴일) 정기휴무","http://www.yongsan.go.kr/pms/contents/contents.do?contseqn=1594&sitecdv=S0000600&decorator=user28OneClick&menucdv=01140000","사용","장애인 정당한 편의 기능 인증(우선구매대상지능정보화제품)","제공","제공","제공","부착","제공","미제공","제공","가능","2026-01-27 13:11:42"
"510","사근동주민센터","서울특별시 성동구 사근동길 37(사근동)","사근동주민센터","00:00 ","2400  ","00:00 ","2400  ","","http://www.sd.go.kr/sd/main.do?mCode=13A030030000&op=mainSub&lay=5","사용","장애인 정당한 편의 기능 인증(우선구매대상지능정보화제품)","제공","제공","제공","부착","제공","제공","제공","가능","2026-01-27 12:50:01"
"409","사당5동주민센터","서울특별시 동작구 사당로2가길 219, 사당5동 주민센터 (사당동)","2층 민원실","08:00 ","19:00 ","      ","      ","주말, 공휴일 미운영","https://www.dongjak.go.kr/portal/main/contents.do?menuNo=200016","사용","장애인 정당한 편의 기능 인증(우선구매대상지능정보화제품)","제공","제공","제공","부착","제공","미제공","제공","가능","2026-01-27 11:34:03"
"406","상도3동주민센터","서울특별시 동작구 성대로2길 11(상도동)[서울특별시 동작구 상도동 315번지 37호]","1층 로비","08:00 ","20:00 ","09:00 ","18:00 ","토 09:00~18:00, 일요일?공휴일 미운영","http://www.dongjak.go.kr/portal/main/contents.do?menuNo=200016","사용","장애인 정당한 편의 기능 인증(우선구매대상지능정보화제품)","제공","제공","제공","부착","제공","미제공","제공","가능","2026-01-27 11:33:55"
"505","가양3동주민센터","서울특별시 강서구 허준로 202(가양동, 가양3동주민센터)[서울특별시 강서구 가양동 1488번지 1호]","가양3동주민센터 내(1층)","09:00 ","18:00 ","09:00 ","13:00 ","일요일 및 공휴일 이용 불가","https://www.gangseo.seoul.kr/gs0101071","사용","장애인 정당한 편의 기능 인증(우선구매대상지능정보화제품)","제공","제공","제공","부착","제공","미제공","제공","가능","2026-09-02 16:29:06"
"525","이대서울병원","서울특별시 강서구 공항대로 260, 이화의대부속서울병원 (마곡동)","1층 중앙로비","00:00 ","2400  ","00:00 ","2400  ","","https://www.gangseo.seoul.kr/gs0101071","사용","장애인 정당한 편의 기능 인증(우선구매대상지능정보화제품)","제공","제공","제공","부착","제공","미제공","제공","가능","2026-08-26 09:33:39"
"523","마곡나루역","서울특별시 강서구 마곡중앙5로 지하 2, 마곡나루역(9호선) (마곡동)","2번 출구","05:00 ","02:00 ","05:00 ","02:00 ","","https://www.gangseo.seoul.kr/gs0101071","사용","장애인 정당한 편의 기능 인증(우선구매대상지능정보화제품)","제공","제공","제공","부착","제공","미제공","제공","가능","2026-08-26 09:33:34"
"519","구일역","서울특별시 구로구 구일로 133, 구일역 (구로동)","1번출구","05:00 ","01:00 ","05:00 ","01:00 ","지하철역별 운영시간 내 발급기 이용 가능","http://www.guro.go.kr/www/sr/guide/manless.jsp","사용","장애인 정당한 편의 기능 인증(우선구매대상지능정보화제품)","제공","제공","제공","부착","제공","미제공","제공","가능","2026-08-24 10:04:48"
"506","이촌1동주민센터","서울특별시 용산구 이촌로71길 24(이촌동)[서울특별시 용산구 이촌동 301번지 179호]","이촌1동 주민센터 출입구","09:00 ","18:00 ","      ","      ","","http://www.yongsan.go.kr/pms/contents/contents.do?contseqn=1594&sitecdv=S0000600&decorator=user28OneClick&menucdv=01140000","사용","장애인 정당한 편의 기능 인증(우선구매대상지능정보화제품)","제공","제공","제공","부착","제공","미제공","제공","가능","2026-01-27 13:12:35"
"404","대방동주민센터","서울특별시 동작구 여의대방로44길 20(대방동)","1층 민원실","08:00 ","19:00 ","      ","      ","주밀 공휴일 미운영","http://www.dongjak.go.kr/portal/main/contents.do?menuNo=200016","사용","장애인 정당한 편의 기능 인증(우선구매대상지능정보화제품)","제공","제공","제공","부착","제공","미제공","제공","가능","2026-01-27 11:33:33"
"111","사당4동주민센터","서울특별시 동작구 사당로20나길 3, 사당4동주민센터 1층 (사당동)","1층 민원실 내부","08:00 ","19:00 ","      ","      ","","https://www.dongjak.go.kr/portal/main/contents.do?menuNo=200016","사용","장애인 정당한 편의 기능 인증(우선구매대상지능정보화제품)","제공","제공","제공","부착","제공","미제공","제공","가능","2026-01-27 11:33:12"
"109","노들역 3번출구","서울특별시 동작구 노량진로 지하238, 9호선 노들역 (본동)","지상1층, 3번 출구 후면","00:00 ","2400  ","00:00 ","2400  ","","https://www.dongjak.go.kr/portal/main/contents.do?menuNo=200016","사용","장애인 정당한 편의 기능 인증(우선구매대상지능정보화제품)","제공","제공","제공","부착","제공","미제공","제공","가능","2026-01-27 11:32:56"
"508","화곡6동주민센터","서울특별시 강서구 공항대로46길 105 (화곡동)","화곡6동주민센터 1층 로비","09:00 ","18:00 ","      ","      ","주말 및 공휴일 이용 불가","https://www.gangseo.seoul.kr/gs0101071","사용","장애인 정당한 편의 기능 인증(우선구매대상지능정보화제품)","제공","제공","제공","부착","제공","미제공","제공","가능","2026-08-28 13:49:04"
"107","상도4동주민센터","서울특별시 동작구 양녕로27길 44, 상도4동 주민편의 복합청사 (상도동)","1층 민원실 앞","08:00 ","19:00 ","      ","      ","","https://www.dongjak.go.kr/portal/main/contents.do?menuNo=200016","사용","장애인 정당한 편의 기능 인증(우선구매대상지능정보화제품)","제공","제공","제공","부착","제공","미제공","제공","가능","2026-01-27 11:31:18"
"106","노량진1동주민센터","서울특별시 동작구 장승배기로28길 30, 노량진1동주민센터 (노량진동)","1층 민원실","08:00 ","19:00 ","      ","      ","주말 공휴일 미운영","http://www.dongjak.go.kr/portal/main/contents.do?menuNo=200016","사용","장애인 정당한 편의 기능 인증(우선구매대상지능정보화제품)","제공","제공","제공","부착","제공","미제공","제공","가능","2026-01-27 11:31:09"
"105","사당1동주민센터","서울특별시 동작구 동작대로17길 28(사당동)[1004번지 52호]","2층 복도","08:00 ","19:00 ","      ","      ","주말 공휴일 미운영","http://www.dongjak.go.kr/portal/main/contents.do?menuNo=200016","사용","장애인 정당한 편의 기능 인증(우선구매대상지능정보화제품)","제공","제공","제공","부착","제공","미제공","제공","가능","2026-01-27 11:30:59"
"102","상도1동주민센터","서울특별시 동작구 상도로53길 9(상도동)","1층 민원실","08:00 ","19:00 ","      ","      ","주말 공휴일 미운영","http://www.dongjak.go.kr/portal/main/contents.do?menuNo=200016","사용","장애인 정당한 편의 기능 인증(우선구매대상지능정보화제품)","제공","제공","제공","부착","제공","미제공","제공","가능","2026-01-27 11:30:05"
"408","구파발역","서울특별시 은평구 진관2로 지하 15-25(진관동)[서울특별시 은평구 진관동 67번지 26호]","지하철 3호선 구파발역 3번출구","06:00 ","2400  ","06:00 ","2400  ","","http://www.ep.go.kr/CmsWeb/viewPage.req?idx=PG0000000763","사용","장애인 정당한 편의 기능 인증(우선구매대상지능정보화제품)","제공","제공","제공","부착","제공","미제공","제공","가능","2026-01-26 17:08:52"
"435","성북보건소","서울특별시 성북구 화랑로 63, 성북구보건소 (하월곡동)","1층 로비","09:00 ","17:00 ","      ","      ","","https://www.sb.go.kr/main/PageLink.do?link=forward:use/PageContent.do&menuNo=91000000&subMenuNo=91010000&thirdMenuNo=91010300&fourthMenuNo=","사용","장애인 정당한 편의 기능 인증(우선구매대상지능정보화제품)","제공","제공","제공","부착","제공","제공","제공","가능","2026-01-26 15:55:54"
"432","길음역","서울특별시 성북구 동소문로 지하248, 길음역 (길음동)","길음역 4~5번 출구 사이","05:00 ","02:00 ","05:00 ","02:00 ","","https://www.sb.go.kr/main/PageLink.do?link=forward:use/PageContent.do&menuNo=91000000&subMenuNo=91010000&thirdMenuNo=91010300&fourthMenuNo=","사용","장애인 정당한 편의 기능 인증(우선구매대상지능정보화제품)","제공","제공","제공","부착","제공","제공","제공","가능","2026-01-26 15:53:54"
"506","역촌동주민센터KIOSK","서울특별시 은평구 연서로 59(역촌동)[서울특별시 은평구 역촌동 62번지 26호]","역촌동주민센터 내","08:00 ","19:00 ","      ","      ","토.일요일 및 공휴일 미운영","http://www.ep.go.kr/CmsWeb/viewPage.req?idx=PG0000000763","사용","장애인 정당한 편의 기능 인증(우선구매대상지능정보화제품)","제공","제공","제공","부착","제공","미제공","제공","가능","2026-01-26 13:24:58"
"405","증산동주민센터 KIOSK","서울특별시 은평구 증산서길 89(증산동)[서울특별시 은평구 증산동 187번지 19호]","증산동 주민센터 내","08:00 ","19:00 ","      ","      ","토.일요일 및 공휴일 미운영","http://www.ep.go.kr/CmsWeb/viewPage.req?idx=PG0000000763","사용","장애인 정당한 편의 기능 인증(우선구매대상지능정보화제품)","제공","제공","제공","부착","제공","미제공","제공","가능","2026-01-26 13:16:12"
"521","방화3동주민센터","서울특별시 강서구 금낭화로24길 5, 방화3동주민센터,어린이도서관 (방화동)","방화3동주민센터 1층 실내","09:00 ","21:00 ","      ","      ","일요일 및 공휴일 운영x","https://www.gangseo.seoul.kr/gs0101071","사용","장애인 편의 기능 포함(일반)","제공","제공","제공","부착","제공","미제공","제공","불가능","2026-08-28 13:49:04"
"504","개봉1동주민센터","서울특별시 구로구 경인로33길 51(개봉동)","민원실","09:00 ","18:00 ","      ","      ","주말(공휴일) 이용 불가","https://www.guro.go.kr/www/contents.do;jsessionid=2B2734DF1E4BDABE4C4C17EA2A087147.3c9fdff513c606261?key=1625&","사용","장애인 정당한 편의 기능 인증(우선구매대상지능정보화제품)","제공","제공","제공","부착","제공","미제공","제공","가능","2026-08-24 09:59:20"
"507","독산1동주민센터","서울특별시 금천구 시흥대로123길 11, 독산1동주민센터 (독산동)","독산1동 주민센터 민원실 내","09:00 ","18:00 ","      ","      ","주민센터 주말, 공휴일 휴무(등기부등본, 가족관계등록서류 평일 09:00~18:00) 이용","http://www.geumcheon.go.kr/html/048/048001005.html","사용","장애인 정당한 편의 기능 인증(우선구매대상지능정보화제품)","제공","제공","제공","부착","제공","제공","제공","가능","2026-08-24 09:57:16"
"524","MG새마을금고금호제1지점","서울특별시 성동구 장터길 49-1(금호동3가)","MG새마을금고 365코너 내","06:30 ","23:30 ","06:30 ","23:30 ","","http://www.sd.go.kr/sd/main.do?op=mainSub&mCode=13A030030000","사용","장애인 정당한 편의 기능 인증(우선구매대상지능정보화제품)","제공","제공","제공","부착","제공","미제공","제공","가능","2026-07-28 10:07:52"
"409","암사1동주민센터","서울특별시 강동구 올림픽로98가길 57(암사동)[서울특별시 강동구 암사동 493번지 13호]","동주민센터화장실출구앞로비","08:00 ","19:00 ","      ","      ","주말, 국경일 및 법정공휴일 발급불가","https://www.gangdong.go.kr/site/contents/koRenew/html00/html04/index04.html","사용","장애인 정당한 편의 기능 인증(우선구매대상지능정보화제품)","제공","제공","제공","부착","제공","미제공","제공","가능","2026-01-26 13:15:57"
"404","응암2동주민센터","서울특별시 은평구 백련산로 100(응암동)[서울특별시 은평구 응암동 229번지 13호]","응암2동 주민센터 내","08:00 ","19:00 ","      ","      ","토.일요일 및 공휴일 미운영","http://www.ep.go.kr/CmsWeb/viewPage.req?idx=PG0000000763","사용","장애인 정당한 편의 기능 인증(우선구매대상지능정보화제품)","제공","제공","제공","부착","제공","미제공","제공","가능","2026-01-26 13:08:20"
"509","왕십리제2동주민센터 KIOSK","서울특별시 성동구 무학봉15길 6, 왕십리제2동 주민센터(공공복합청사) 2층 (하왕십리동)","왕십리제2동주민센터 2층 민원실 입구 우측","00:00 ","2400  ","00:00 ","2400  ","24시간 운영","http://www.sd.go.kr/sd/main.do?mCode=13A030030000&op=mainSub&lay=5","사용","장애인 정당한 편의 기능 인증(우선구매대상지능정보화제품)","제공","제공","제공","부착","제공","미제공","제공","가능","2026-01-26 10:27:56"
"504","동서울농협","서울특별시 중랑구 망우로 290(상봉동)","동서울농협내","09:00 ","18:00 ","      ","      ","주말휴무","http://www.jungnang.go.kr/portal/main/contents.do?menuNo=200004","사용","장애인 정당한 편의 기능 인증(우선구매대상지능정보화제품)","제공","제공","제공","부착","제공","미제공","제공","가능","2026-08-20 11:01:54"
"515","옥수동주민센터 KIOSK","서울특별시 성동구 독서당로 203, 옥수동 공공복합청사 (옥수동)","옥수동주민센터 출입구 앞","00:00 ","2400  ","00:00 ","2400  ","","http://www.sd.go.kr/sd/main.do?mCode=13A030030000&op=mainSub&lay=5","사용","장애인 정당한 편의 기능 인증(우선구매대상지능정보화제품)","제공","제공","제공","부착","제공","제공","제공","가능","2026-07-27 11:29:44"
"521","거여2동주민센터","서울특별시 송파구 거마로2길 19, 거여2동주민센터 (거여동)","민원실 입구","09:00 ","18:00 ","      ","      ","","https://www.songpa.go.kr/www/contents.do?key=2027&","사용","장애인 정당한 편의 기능 인증(우선구매대상지능정보화제품)","제공","제공","제공","부착","제공","미제공","제공","가능","2026-07-01 09:01:37"
"430","장위3동주민센터","서울특별시 성북구 한천로 657, 장위3동 주민센터 (장위동)","입구 왼쪽(관외)","00:00 ","2400  ","      ","      ","","https://www.sb.go.kr/main/PageLink.do?link=forward:use/PageContent.do&menuNo=01000000&subMenuNo=01040000&thirdMenuNo=01040100&fourthMenuNo=","사용","장애인 정당한 편의 기능 인증(우선구매대상지능정보화제품)","제공","제공","제공","부착","제공","미제공","제공","가능","2026-01-27 11:09:51"
"421","보문동주민센터","서울특별시 성북구 안암로3길 35(보문동7가)[서울특별시 성북구 보문동7가 108번지 1호]","관내","08:30 ","18:00 ","      ","      ","","https://www.sb.go.kr/PageLink.do?link=forward:use/PageContent.do&tempParam1=&menuNo=01000000&subMenuNo=01040000&thirdMenuNo=01040100&fourthMenuNo=","사용","장애인 정당한 편의 기능 인증(우선구매대상지능정보화제품)","제공","제공","제공","부착","제공","미제공","제공","가능","2026-01-27 09:35:11"
"418","장위1동주민센터","서울특별시 성북구 장위로 61(장위동)[서울특별시 성북구 장위동 225번지 100호]","관내","08:30 ","18:30 ","      ","      ","","https://www.sb.go.kr/PageLink.do?link=forward:use/PageContent.do&tempParam1=&menuNo=01000000&subMenuNo=01040000&thirdMenuNo=01040100&fourthMenuNo=","사용","장애인 정당한 편의 기능 인증(우선구매대상지능정보화제품)","제공","제공","제공","부착","제공","미제공","제공","가능","2026-01-27 09:34:15"
"502","신촌역 KIOSK","서울특별시 마포구 신촌로 지하 90(노고산동)","3번출구","06:00 ","2400  ","06:00 ","2400  ","","http://www.sdm.go.kr/civil/print/automaic.do","사용","장애인 정당한 편의 기능 인증(우선구매대상지능정보화제품)","제공","제공","제공","부착","제공","미제공","제공","가능","2026-08-26 16:05:15"
"501","서대문구청1 KIOSK","서울특별시 서대문구 연희로 248(연희동)[서울특별시 서대문구 연희동 168번지 6호]","구청 1층 로비","00:00 ","2400  ","00:00 ","2400  ","","http://www.sdm.go.kr/civil/print/automaic.do","사용","장애인 정당한 편의 기능 인증(우선구매대상지능정보화제품)","제공","제공","제공","부착","제공","미제공","제공","가능","2026-08-26 16:04:59"
"431","전농2동주민센터","서울특별시 동대문구 사가정로 137, 전농2동주민센터 (전농동)","청사내","09:00 ","18:00 ","      ","      ","주말휴무","http://www.ddm.go.kr/civil/multiCivilNoPeople.jsp","사용","장애인 정당한 편의 기능 인증(우선구매대상지능정보화제품)","제공","제공","제공","부착","제공","제공","제공","가능","2026-08-25 21:06:52"
"525","세곡동주민센터분소1","서울특별시 강남구 자곡로 100, 세곡동 주민센터 분소 (자곡동)","출입구B","08:30 ","18:30 ","      ","      ","","https://www.gangnam.go.kr/contents/dispenser/2/view.do?mid=ID03_010103","사용","장애인 정당한 편의 기능 인증(우선구매대상지능정보화제품)","제공","제공","제공","부착","제공","제공","제공","가능","2026-08-03 10:21:57"
"210","창3동 주민센터","서울특별시 도봉구 덕릉로62길 89(창동)[서울특별시 도봉구 창동 462번지 2호]","민원실 내부","09:00 ","18:00 ","      ","      ","주말(공휴일) 미운영","http://www.dobong.go.kr/Contents.asp?code=10003644","사용","장애인 정당한 편의 기능 인증(우선구매대상지능정보화제품)","제공","제공","제공","부착","제공","제공","제공","가능","2026-01-27 14:51:30"
"531","연세대학교 치과대학병원","서울특별시 서대문구 연세로 50-1, 세브란스병원 치과대학병원 2층 (신촌동)","2층 원무?접수창구 맞은편","06:00 ","23:00 ","06:00 ","23:00 ","","https://www.sdm.go.kr/civil/print/automaic.do","사용","장애인 정당한 편의 기능 인증(우선구매대상지능정보화제품)","제공","제공","제공","부착","제공","미제공","제공","가능","2026-01-26 10:10:42"
"503","까치산역","서울특별시 강서구 강서로 지하 54(화곡동)[화곡동 662-5 까치산역]","까치산역 중앙 통로","05:00 ","02:00 ","05:00 ","02:00 ","","https://www.gangseo.seoul.kr/gs0101071","사용","장애인 정당한 편의 기능 인증(우선구매대상지능정보화제품)","제공","제공","제공","부착","제공","미제공","제공","가능","2026-08-28 10:07:41"
"507","아산병원 신관","서울특별시 송파구 올림픽로43길 88(풍납동)","서울아산병원 신관 소아응급센터 옆","00:00 ","2400  ","00:00 ","2400  ","365일 24시간(03:00~03:30 시스템운영점검 일시중단)","https://www.songpa.go.kr/www/contents.do?key=2027&","사용","장애인 정당한 편의 기능 인증(우선구매대상지능정보화제품)","제공","제공","제공","부착","제공","미제공","제공","가능","2026-07-01 09:01:37"
"417","종암동주민센터","서울특별시 성북구 종암로 98-8(종암동)","출입구 우측","08:30 ","18:00 ","      ","      ","","https://www.sb.go.kr/PageLink.do?link=forward:use/PageContent.do&tempParam1=&menuNo=01000000&subMenuNo=01040000&thirdMenuNo=01040100&fourthMenuNo=","사용","장애인 정당한 편의 기능 인증(우선구매대상지능정보화제품)","제공","제공","제공","부착","제공","미제공","제공","가능","2026-01-27 09:33:59"
"415","길음1동주민센터","서울특별시 성북구 길음로 92(길음동)","현관입구 좌측","08:30 ","18:00 ","      ","      ","","https://www.sb.go.kr/PageLink.do?link=forward:use/PageContent.do&tempParam1=&menuNo=01000000&subMenuNo=01040000&thirdMenuNo=01040100&fourthMenuNo=","사용","장애인 정당한 편의 기능 인증(우선구매대상지능정보화제품)","제공","제공","제공","부착","제공","미제공","제공","가능","2026-01-27 09:33:49"
"510","개봉2동주민센터","서울특별시 구로구 개봉로16가길 17, 개봉2동주민센터 (개봉동)","민원실 입구","09:00 ","18:00 ","      ","      ","주말(공휴일) 이용 불가","https://www.guro.go.kr/www/contents.do;jsessionid=2B2734DF1E4BDABE4C4C17EA2A087147.3c9fdff513c606261?key=1625&","사용","장애인 정당한 편의 기능 인증(우선구매대상지능정보화제품)","제공","제공","제공","부착","제공","미제공","제공","가능","2026-01-26 10:10:36"
"503","구로역","서울특별시 구로구 구로중앙로 174(구로동)","2번 출구 화장실 옆","05:00 ","01:00 ","05:00 ","01:00 ","지하철역별 운영시간 내 발급기 이용가능","https://www.guro.go.kr/www/contents.do;jsessionid=2B2734DF1E4BDABE4C4C17EA2A087147.3c9fdff513c606261?key=1625&","사용","장애인 정당한 편의 기능 인증(우선구매대상지능정보화제품)","제공","제공","제공","부착","제공","미제공","제공","가능","2026-01-26 10:00:18"
"502","개봉역","서울특별시 구로구 경인로40길 47(개봉동)","1번출구 화장실 옆","05:00 ","01:00 ","05:00 ","01:00 ","지하철역별 운영시간 내 발급기 이용가능","https://www.guro.go.kr/www/contents.do;jsessionid=2B2734DF1E4BDABE4C4C17EA2A087147.3c9fdff513c606261?key=1625&","사용","장애인 정당한 편의 기능 인증(우선구매대상지능정보화제품)","제공","제공","제공","부착","제공","미제공","제공","가능","2026-01-26 09:59:10"
"501","온수역","서울특별시 구로구 부일로 872(궁동)","7호선 2번출구 매표소 앞","05:00 ","01:00 ","05:00 ","01:00 ","지하철역별 운영시간 내 발급기 사용가능","https://www.guro.go.kr/www/contents.do;jsessionid=2B2734DF1E4BDABE4C4C17EA2A087147.3c9fdff513c606261?key=1625&","사용","장애인 정당한 편의 기능 인증(우선구매대상지능정보화제품)","제공","제공","제공","부착","제공","미제공","제공","가능","2026-01-26 09:58:18"
"406","강서세무서","서울특별시 강서구 마곡서1로 60(마곡동)[서울특별시 강서구 마곡동 745번지 1호]","강서세무서 1층 로비","09:00 ","18:00 ","      ","      ","주말 및 공휴일 이용 불가","https://www.gangseo.seoul.kr/gs0101071","사용","장애인 정당한 편의 기능 인증(우선구매대상지능정보화제품)","제공","제공","제공","부착","제공","미제공","제공","가능","2026-08-28 10:08:14"
"524","스마트도서관 옆(옥외)","서울특별시 금천구 시흥대로73길 70, 금천구청종합청사 (시흥동)","금천구청 앞 맞은편 광장","00:00 ","2400  ","00:00 ","2400  ","","http://www.geumcheon.go.kr/html/048/048001005.html","사용","장애인 정당한 편의 기능 인증(우선구매대상지능정보화제품)","제공","제공","제공","부착","제공","제공","제공","가능","2026-08-21 15:31:52"
"405","오금동주민센터","서울특별시 송파구 중대로25길 5, 오금동주민센터 (오금동)","주민센터 민원실 내","09:00 ","18:00 ","      ","      ","","https://www.songpa.go.kr/www/contents.do?key=2027&","사용","장애인 정당한 편의 기능 인증(우선구매대상지능정보화제품)","제공","제공","제공","부착","제공","미제공","제공","가능","2026-07-01 09:01:37"
"516","서울성모병원","서울특별시 서초구 반포대로 222(반포동)[서울특별시 서초구 반포동 123번지 2호]","1층 비즈니스룸","00:00 ","2400  ","00:00 ","2400  ","","http://www.seocho.go.kr/site/seocho/01/10101050000002015070109.jsp","사용","장애인 편의 기능 포함(일반)","제공","제공","제공","부착","제공","미제공","제공","불가능","2026-01-26 18:45:50"
"504","서초4동주민센터2","서울특별시 서초구 서운로26길 3, 서초4동열린문화센터(서초4동주민센터) (서초동)","2층 민원실","08:00 ","21:00 ","      ","      ","야간, 주말 및 공휴일 등 근무시간 외에는 이용 불가","http://www.seocho.go.kr/site/seocho/01/10101050000002015070109.jsp","사용","장애인 편의 기능 포함(일반)","제공","제공","제공","부착","제공","미제공","제공","불가능","2026-01-26 18:40:22"
"503","서초4동주민센터1","서울특별시 서초구 서운로26길 3, 서초4동열린문화센터(서초4동주민센터) (서초동)","1층","00:00 ","2400  ","00:00 ","2400  ","야간, 주말 및 공휴일 등 근무시간 외에는 이용 불가","http://www.seocho.go.kr/site/seocho/01/10101050000002015070109.jsp","사용","장애인 정당한 편의 기능 인증(우선구매대상지능정보화제품)","제공","제공","제공","부착","제공","미제공","제공","가능","2026-01-26 18:40:06"
"508","왕십리도선동주민센터 KIOSK","서울특별시 성동구 마장로 141(상왕십리동)","왕십리도선동주민센터 1층","00:00 ","2400  ","00:00 ","2400  ","24시간 운영","http://www.sd.go.kr/sd/main.do?mCode=13A030030000&op=mainSub&lay=5","사용","장애인 정당한 편의 기능 인증(우선구매대상지능정보화제품)","제공","제공","제공","부착","제공","제공","제공","가능","2026-09-02 17:38:59"
"513","가산동 주민센터","서울특별시 금천구 가산로 129(가산동)","가산동주민센터 통합민원실 내","09:00 ","18:00 ","      ","      ","등기부등본, 가족관계등록서류 평일 09:00~18:00 이용","http://www.geumcheon.go.kr/html/048/048001005.html","사용","장애인 정당한 편의 기능 인증(우선구매대상지능정보화제품)","제공","제공","제공","부착","제공","제공","제공","가능","2026-08-21 09:38:08"
"137","삼성서울병원","서울특별시 강남구 일원로 81, 삼성서울병원 (일원동)","본관 1층 로비","00:00 ","23:59 ","00:00 ","23:59 ","","https://www.gangnam.go.kr/contents/dispenser/2/view.do?mid=ID03_010103","사용","장애인 정당한 편의 기능 인증(우선구매대상지능정보화제품)","제공","제공","제공","부착","제공","제공","제공","가능","2026-08-03 10:22:40"
"164","수서역(3번 출구)","서울특별시 강남구 광평로 지하270, 수서역 3번 출입구 (수서동)","수서역 지하1층 수서현대벤처빌 연결 출입구","05:30 ","2400  ","05:30 ","2400  ","","https://www.gangnam.go.kr/contents/dispenser/2/view.do?mid=ID03_010103","사용","장애인 정당한 편의 기능 인증(우선구매대상지능정보화제품)","제공","제공","제공","부착","제공","제공","제공","가능","2026-08-03 09:30:35"
"148","강남세무서","서울특별시 강남구 학동로 425(청담동)[서울특별시 강남구 청담동 45번지]","1층 민원봉사실 입구 옆","08:30 ","18:30 ","      ","      ","","https://www.gangnam.go.kr/contents/dispenser/2/view.do?mid=ID03_010103","사용","장애인 정당한 편의 기능 인증(우선구매대상지능정보화제품)","제공","제공","제공","부착","제공","제공","제공","가능","2026-08-03 09:30:35"
"521","용답동주민센터 KIOSK","서울특별시 성동구 용답중앙23길 20(용답동)","용답동주민센터 1층 주차장 우측","00:00 ","2400  ","00:00 ","2400  ","","http://www.sd.go.kr/sd/main.do?op=mainSub&mCode=13A030030000","사용","장애인 정당한 편의 기능 인증(우선구매대상지능정보화제품)","제공","제공","제공","부착","제공","미제공","제공","가능","2026-01-26 17:52:50"
"414","갈현제1동주민센터","서울특별시 은평구 갈현로 301(갈현동)","갈현1동주민센터현관입구","08:00 ","19:00 ","      ","      ","토.일요일 및 공휴일 미운영","http://www.ep.go.kr/CmsWeb/viewPage.req?idx=PG0000000763","사용","장애인 정당한 편의 기능 인증(우선구매대상지능정보화제품)","제공","제공","제공","부착","제공","미제공","제공","가능","2026-01-26 17:09:24"
"401","금천구청(왼쪽)","서울특별시 금천구 시흥대로73길 70(시흥동)","금천구청(왼쪽)","00:00 ","2400  ","00:00 ","2400  ","등기부등본, 가족관계증명서 발급가능","http://www.geumcheon.go.kr/html/048/048001005.html","사용","장애인 정당한 편의 기능 인증(우선구매대상지능정보화제품)","제공","제공","제공","부착","제공","제공","제공","가능","2026-08-21 15:38:48"
"506","금천구청(오른쪽)","서울특별시 금천구 시흥대로73길 70(시흥동)[서울특별시 금천구 시흥동 1020번지]","금천구청(오른쪽)","00:00 ","2400  ","00:00 ","2400  ","등기부등본, 가족관계등록서류 발급가능","http://www.geumcheon.go.kr/html/048/048001005.html","사용","장애인 정당한 편의 기능 인증(우선구매대상지능정보화제품)","제공","제공","제공","부착","제공","제공","제공","가능","2026-08-19 17:53:28"
"504","가산디지털단지역","서울특별시 금천구 벚꽃로 309, 가산디지털단지역 (가산동)","가산역 2번출구","05:00 ","02:00 ","05:00 ","02:00 ","가족관계증명서 발급가능(2번 출구)","http://www.geumcheon.go.kr/html/048/048001005.html","사용","장애인 정당한 편의 기능 인증(우선구매대상지능정보화제품)","제공","제공","제공","부착","제공","제공","제공","가능","2026-08-19 17:30:44"
"520","홍대입구역 공항철도","서울특별시 마포구 양화로 지하188, 홍대입구역 지하1층 (동교동)","지하1층","05:00 ","01:00 ","05:00 ","2400  ","","https://www.mapo.go.kr/site/main/content/mapo01010202","사용","장애인 정당한 편의 기능 인증(우선구매대상지능정보화제품)","제공","제공","제공","부착","제공","미제공","제공","가능","2026-03-24 11:08:34"
"206","방학2동 주민센터","서울특별시 도봉구 시루봉로 226(방학동)[서울특별시 도봉구 방학동 621번지 2호]","민원실 내부","09:00 ","18:00 ","      ","      ","주말(공휴일) 미운영","http://www.dobong.go.kr/Contents.asp?code=10003644","사용","장애인 정당한 편의 기능 인증(우선구매대상지능정보화제품)","제공","제공","제공","부착","제공","제공","제공","가능","2026-01-27 14:33:56"
"205","방학1동 주민센터","서울특별시 도봉구 방학로2길 27(방학동)[서울특별시 도봉구 방학동 687번지 27호]","민원실 내부","09:00 ","18:00 ","      ","      ","주말(공휴일) 미운영","http://www.dobong.go.kr/Contents.asp?code=10003644","사용","장애인 정당한 편의 기능 인증(우선구매대상지능정보화제품)","제공","제공","제공","부착","제공","제공","제공","가능","2026-01-27 14:33:35"
"517","은평세무서","서울특별시 은평구 은평로 185, 1층 (녹번동)","1층 로비","09:00 ","18:00 ","      ","      ","토요일,일요일,공휴일 미운영","http://www.ep.go.kr/CmsWeb/viewPage.req?idx=PG0000000763","사용","장애인 정당한 편의 기능 인증(우선구매대상지능정보화제품)","제공","제공","제공","부착","제공","미제공","제공","가능","2026-04-08 10:51:34"
"503","홍제역 KIOSK","서울특별시 서대문구 통일로 451, 홍제빌딩 (홍제동)","홍제전철역 2번 출구","06:00 ","2400  ","06:00 ","2400  ","","http://www.sdm.go.kr/civil/print/automaic.do","사용","장애인 정당한 편의 기능 인증(우선구매대상지능정보화제품)","제공","제공","제공","부착","제공","미제공","제공","가능","2026-08-26 16:05:26"
"517","시흥1동 주민센터","서울특별시 금천구 시흥대로58길 36(시흥동)","시흥1동 주민센터 통합민원실 외부 로비","09:00 ","18:00 ","      ","      ","등기부등본, 가족관계등록서류 평일 09:00~18:00 이용","http://www.geumcheon.go.kr/html/048/048001005.html","사용","장애인 정당한 편의 기능 인증(우선구매대상지능정보화제품)","제공","제공","제공","부착","제공","미제공","제공","가능","2026-08-25 12:53:22"
"514","신원동주민센터","서울특별시 관악구 신원로3길 13, 신원동복합청사 (신림동)","주민센터 내","09:00 ","18:00 ","      ","      ","","http://www.gwanak.go.kr/site/gwanak/03/10301040000002016051203.jsp","사용","장애인 편의 기능 포함(일반)","제공","제공","제공","부착","제공","미제공","제공","가능","2026-07-01 09:41:55"
"507","대학동 주민센터","서울특별시 관악구 신림로 111(신림동)","동 주민센터 내","08:30 ","18:30 ","      ","      ","","http://www.gwanak.go.kr/site/gwanak/03/10301040000002016051203.jsp","사용","장애인 정당한 편의 기능 인증(우선구매대상지능정보화제품)","제공","제공","제공","부착","제공","제공","제공","가능","2026-01-29 09:38:48"
"523","홍제1동주민센터2","서울특별시 서대문구 통일로 435-1(홍제동)","홍제1동주민센터 1층 민원실","09:00 ","18:00 ","      ","      ","","http://www.sdm.go.kr/civil/print/automaic.do","사용","장애인 정당한 편의 기능 인증(우선구매대상지능정보화제품)","제공","제공","제공","부착","제공","미제공","제공","가능","2026-01-27 16:46:57"
"202","쌍문2동 주민센터","서울특별시 도봉구 도봉로137길 21, 쌍문2동 주민센터 (쌍문동)","민원실 내부","08:55 ","18:00 ","      ","      ","주말(공휴일) 미운영","http://www.dobong.go.kr/Contents.asp?code=10003644","사용","장애인 정당한 편의 기능 인증(우선구매대상지능정보화제품)","제공","제공","제공","부착","제공","제공","제공","가능","2026-01-27 14:32:25"
"105","쌍문역","서울특별시 도봉구 도봉로 지하486-1, 쌍문역 (창동)","3번출구 지하","05:00 ","2400  ","05:00 ","2400  ","","http://www.dobong.go.kr/Contents.asp?code=10003644","사용","장애인 편의 기능 포함(일반)","제공","제공","제공","부착","제공","제공","제공","가능","2026-01-27 14:20:06"
"106","도봉산역(1호선)","서울특별시 도봉구 도봉로 948, 도봉산역(1호선) (도봉동)","7호선 환승통로 에스컬레이터 옆","05:00 ","2400  ","05:00 ","2400  ","","https://opendata.dobong.go.kr/dataset/datasetVw.asp?Code=1&vType=A&page=3&topcode=100000&schTxt=&sortType=N&sCode=000000","사용","장애인 편의 기능 포함(일반)","제공","제공","제공","부착","제공","제공","제공","가능","2026-01-27 14:19:46"
"104","서울북부지방법원","서울특별시 도봉구 마들로 749(도봉동)[626번지]","민원동 1층 무인발급기실","09:00 ","18:00 ","      ","      ","주말(공휴일) 미가동","http://www.dobong.go.kr/Contents.asp?code=10003644","사용","장애인 정당한 편의 기능 인증(우선구매대상지능정보화제품)","제공","제공","제공","부착","제공","제공","제공","가능","2026-01-27 14:04:32"
"101","도봉구청","서울특별시 도봉구 마들로 656(방학동)[서울특별시 도봉구 방학동 720번지]","도봉구청(북문) 내 종합상황실 맞은편","00:00 ","2400  ","00:00 ","2400  ","오전 02:30~03:00 시스템 점검시간으로 미운영","http://www.dobong.go.kr/Contents.asp?code=10003644","사용","장애인 정당한 편의 기능 인증(우선구매대상지능정보화제품)","제공","제공","제공","부착","제공","제공","제공","가능","2026-01-27 13:59:39"
"215","도봉구민회관","서울특별시 도봉구 도봉로 552(도봉동)","1층 편지문학관 입구","09:00 ","22:00 ","09:00 ","22:00 ","국경일 휴무","http://www.dobong.go.kr/Contents.asp?code=10003644","사용","장애인 정당한 편의 기능 인증(우선구매대상지능정보화제품)","제공","제공","제공","부착","제공","제공","제공","가능","2026-01-27 13:59:02"
"522","방배2동주민센터","서울특별시 서초구 청두곶길 36, 방배2동주민센터 (방배동)","1층 로비","00:00 ","2400  ","00:00 ","2400  ","","http://www.seocho.go.kr/site/seocho/01/10101050000002015070109.jsp","사용","장애인 정당한 편의 기능 인증(우선구매대상지능정보화제품)","제공","제공","제공","부착","제공","미제공","제공","가능","2026-01-26 18:49:20"
"402","서초구청4","서울특별시 서초구 남부순환로 2584, 서초구청, 서초구의회 (서초동)","오케이민원센터","09:00 ","18:00 ","      ","      ","","http://www.seocho.go.kr/site/seocho/01/10101050000002015070109.jsp","사용","장애인 정당한 편의 기능 인증(우선구매대상지능정보화제품)","제공","제공","제공","부착","제공","미제공","제공","가능","2026-01-26 18:35:16"
"401","성북구청","서울특별시 성북구 보문로 168(삼선동5가)","성북구청 정문 우리은행 ATM기 옆","00:00 ","2400  ","00:00 ","2400  ","","https://www.sb.go.kr/PageLink.do?link=forward:use/PageContent.do&tempParam1=&menuNo=01000000&subMenuNo=01040000&thirdMenuNo=01040100&fourthMenuNo=","사용","장애인 정당한 편의 기능 인증(우선구매대상지능정보화제품)","제공","제공","제공","부착","제공","제공","제공","가능","2026-01-26 15:39:02"
"513","불광1동주민센터KIOSK 1","서울특별시 은평구 진흥로15길 10(불광동)","불광1동주민센터 민원실 내","08:00 ","19:00 ","      ","      ","토.일요일 및 공휴일 미운영","http://www.ep.go.kr/CmsWeb/viewPage.req?idx=PG0000000763","사용","장애인 정당한 편의 기능 인증(우선구매대상지능정보화제품)","제공","제공","제공","부착","제공","미제공","제공","가능","2026-01-26 15:00:37"
"511","응암1동무인 KIOSK","서울특별시 은평구 백련산로 179(응암동)[서울특별시 은평구 응암동 96번지 3호]","응암1동 주민센터 내","08:00 ","19:00 ","      ","      ","토.일요일 및 공휴일 미운영","http://www.ep.go.kr/CmsWeb/viewPage.req?idx=PG0000000763","사용","장애인 정당한 편의 기능 인증(우선구매대상지능정보화제품)","제공","제공","제공","부착","제공","미제공","제공","가능","2026-01-26 14:48:29"
"501","이마트 은평점","서울특별시 은평구 은평로 111, 2층 (응암동)[서울특별시 은평구 응암동 90번지 1호]","2층","10:00 ","22:00 ","10:00 ","22:00 ","이마트 휴무일 미운영","http://www.ep.go.kr/CmsWeb/viewPage.req?idx=PG0000000763","사용","장애인 정당한 편의 기능 인증(우선구매대상지능정보화제품)","제공","제공","제공","부착","제공","미제공","제공","가능","2026-01-26 13:34:30"
"412","항동주민센터","서울특별시 구로구 연동로 191-19, 항동주민센터 (항동)","민원실 내","09:00 ","18:00 ","      ","      ","주말(공휴일) 이용 불가","https://www.guro.go.kr/www/contents.do;jsessionid=2B2734DF1E4BDABE4C4C17EA2A087147.3c9fdff513c606261?key=1625&","사용","장애인 정당한 편의 기능 인증(우선구매대상지능정보화제품)","제공","제공","제공","부착","제공","미제공","제공","가능","2026-01-26 09:56:40"
"410","구로3동주민센터2","서울특별시 구로구 디지털로31길 109(구로동)","2층 민원실","09:00 ","18:00 ","      ","      ","주말(공휴일) 이용 불가","https://www.guro.go.kr/www/contents.do;jsessionid=2B2734DF1E4BDABE4C4C17EA2A087147.3c9fdff513c606261?key=1625&","사용","장애인 정당한 편의 기능 인증(우선구매대상지능정보화제품)","제공","제공","제공","부착","제공","미제공","제공","가능","2026-01-26 09:53:52"
"408","구로4동주민센터","서울특별시 구로구 구로동로28길 94(구로동)","구로4동주민센터 1층 민원실 입구 좌측","09:00 ","18:00 ","      ","      ","주말(공휴일) 이용 불가","https://www.guro.go.kr/www/contents.do;jsessionid=2B2734DF1E4BDABE4C4C17EA2A087147.3c9fdff513c606261?key=1625&","사용","장애인 정당한 편의 기능 인증(우선구매대상지능정보화제품)","제공","제공","제공","부착","제공","미제공","제공","가능","2026-01-26 09:49:03"
"101","노원구청","서울특별시 노원구 노해로 437(상계동, 노원구청)","노원구청 1층 로비","06:00 ","20:00 ","06:00 ","18:00 ","","https://www.nowon.kr/www/minwon/minwon1/minwon1_04.jsp","사용","장애인 편의 기능 포함(일반)","제공","제공","제공","부착","제공","미제공","제공","불가능","2026-09-01 15:26:21"
"524","서대문세무서","서울특별시 서대문구 세무서길 11, 서대문세무서 (홍제동)","1층 세무민원실 앞","09:00 ","18:00 ","      ","      ","","http://www.sdm.go.kr/civil/print/automaic.do","사용","장애인 정당한 편의 기능 인증(우선구매대상지능정보화제품)","제공","제공","제공","부착","제공","미제공","제공","가능","2026-08-26 16:06:21"
"405","오류1동주민센터","서울특별시 구로구 경인로27길 10(오류동)[서울특별시 구로구 오류동 31번지 11호]","오류1동주민센터(오류동역3번출구서울방향도보5분)","09:00 ","18:00 ","      ","      ","주말(공휴일) 이용 불가","https://www.guro.go.kr/www/contents.do;jsessionid=2B2734DF1E4BDABE4C4C17EA2A087147.3c9fdff513c606261?key=1625&","사용","장애인 정당한 편의 기능 인증(우선구매대상지능정보화제품)","제공","제공","제공","부착","제공","미제공","제공","가능","2026-08-24 09:59:02"
"501","솔샘문화정보도서관","서울특별시 강북구 솔샘로 177(미아동)","솔샘문화정보도서관","09:00 ","18:00 ","      ","      ","주말(공휴일) 휴무","http://www.gangbuk.go.kr/www/contents.do?key=58","사용","장애인 정당한 편의 기능 인증(우선구매대상지능정보화제품)","제공","제공","제공","부착","제공","미제공","제공","가능","2026-08-20 17:36:05"
"423","강동구청 고덕별관 무인발급기(2)","서울특별시 강동구 동남로 930, 강동구청 고덕별관 (고덕동)","1층","09:00 ","18:00 ","      ","      ","","https://www.gangdong.go.kr/site/contents/koRenew/html00/html04/index04.html","사용","장애인 정당한 편의 기능 인증(우선구매대상지능정보화제품)","제공","제공","제공","부착","제공","제공","제공","가능","2026-01-26 13:13:50"
"422","강동구청 고덕별관 무인발급기(1)","서울특별시 강동구 동남로 930, 강동구청 고덕별관 (고덕동)","1층","09:00 ","18:00 ","      ","      ","","https://www.gangdong.go.kr/site/contents/koRenew/html00/html04/index04.html","사용","장애인 정당한 편의 기능 인증(우선구매대상지능정보화제품)","제공","제공","제공","부착","제공","제공","제공","가능","2026-01-26 13:13:28"
"406","수색동주민센터KIOSK","서울특별시 은평구 수색로 280 (수색동)","수색동 주민센터 내","08:00 ","19:00 ","      ","      ","토.일요일 및 공휴일 미운영","http://www.ep.go.kr/CmsWeb/viewPage.req?idx=PG0000000763","사용","장애인 정당한 편의 기능 인증(우선구매대상지능정보화제품)","제공","제공","제공","부착","제공","미제공","제공","가능","2026-01-26 13:08:35"
"409","구로2동주민센터","서울특별시 구로구 구로동로 141(구로동)","2층민원실","09:00 ","18:00 ","      ","      ","주말(공휴일) 이용 불가","https://www.guro.go.kr/www/contents.do;jsessionid=2B2734DF1E4BDABE4C4C17EA2A087147.3c9fdff513c606261?key=1625&","사용","장애인 정당한 편의 기능 인증(우선구매대상지능정보화제품)","제공","제공","제공","부착","제공","미제공","제공","가능","2026-08-24 09:57:03"
"438","성북우리아이들병원","서울특별시 성북구 동소문로46길 10, 성북우리아이들병원 (하월곡동)","성북우리아이들병원 1층","00:00 ","2400  ","00:00 ","2400  ","","https://www.sb.go.kr/www/contents.do?key=5742","사용","장애인 정당한 편의 기능 인증(우선구매대상지능정보화제품)","제공","제공","제공","부착","제공","미제공","제공","가능","2026-08-20 13:06:14"
"519","목동역","서울특별시 양천구 오목로 지하 245(목동)[서울특별시 양천구 목동 926번지 3호]","목동역사 내","00:00 ","2400  ","00:00 ","2400  ","","http://www.yangcheon.go.kr/site/yangcheon/01/10101040000002016081013.jsp","사용","장애인 편의 기능 포함(일반)","제공","제공","제공","부착","제공","미제공","제공","불가능","2026-07-13 08:50:20"
"211","창4동 주민센터","서울특별시 도봉구 노해로 390(창동)[서울특별시 도봉구 창동 33번지 1호]","민원실 내부","09:00 ","18:00 ","      ","      ","주말(공휴일) 미운영","http://www.dobong.go.kr/Contents.asp?code=10003644","사용","장애인 정당한 편의 기능 인증(우선구매대상지능정보화제품)","제공","제공","제공","부착","제공","제공","제공","가능","2026-01-27 14:51:45"
"214","한일병원","서울특별시 도봉구 우이천로 308(쌍문동)","1층 로비","00:00 ","2400  ","00:00 ","2400  ","오전 02:30~03:00 시스템 점검시간으로 미운영","http://www.dobong.go.kr/Contents.asp?code=10003644","사용","장애인 정당한 편의 기능 인증(우선구매대상지능정보화제품)","제공","제공","제공","부착","제공","제공","제공","가능","2026-01-27 14:20:23"
"511","용문동주민센터","서울특별시 용산구 새창로12길 13, 용문동 주민센터 (도원동)","1층 민원실 입구 우측","09:00 ","18:00 ","      ","      ","","https://www.yongsan.go.kr/dong/main/main.do?dongCd=08","사용","장애인 정당한 편의 기능 인증(우선구매대상지능정보화제품)","제공","제공","제공","부착","제공","미제공","제공","가능","2026-01-27 13:16:21"
"502","한강로동주민센터","서울특별시 용산구 한강대로38길 28(한강로2가)[서울특별시 용산구 한강로2가 187번지 3호]","한강로동주민센터 2층 민원실 내","09:00 ","18:00 ","      ","      ","주말(공휴일) 정기휴무","http://www.yongsan.go.kr/pms/contents/contents.do?contseqn=1594&sitecdv=S0000600&decorator=user28OneClick&menucdv=01140000","사용","장애인 정당한 편의 기능 인증(우선구매대상지능정보화제품)","제공","제공","제공","부착","제공","미제공","제공","가능","2026-08-20 15:26:45"
"405","원효새마을금고 동부지점","서울특별시 용산구 원효로 251 (원효로1가, 용산파크뷰)","원효새마을금고 동부지점 365코너","07:00 ","23:30 ","07:00 ","23:30 ","","http://www.yongsan.go.kr/pms/contents/contents.do?contseqn=1594&sitecdv=S0000600&menucdv=01140000&decorator=user28OneClick","사용","장애인 정당한 편의 기능 인증(우선구매대상지능정보화제품)","제공","제공","제공","부착","제공","미제공","제공","가능","2026-01-27 13:09:20"
"404","용산세무서","서울특별시 용산구 서빙고로24길 15(한강로3가)","용산세무서 민원실","09:00 ","18:00 ","      ","      ","","http://www.yongsan.go.kr/pms/contents/contents.do?contseqn=1594&sitecdv=S0000600&decorator=user28OneClick&menucdv=01140000","사용","장애인 정당한 편의 기능 인증(우선구매대상지능정보화제품)","제공","제공","제공","부착","제공","미제공","제공","가능","2026-01-27 13:08:18"
"401","용산역","서울특별시 용산구 한강대로23길 55(한강로3가)[서울특별시 용산구 한강로3가 40번지 999호]","용산역 3층 대합실","05:00 ","2400  ","05:00 ","2400  ","","http://www.yongsan.go.kr/pms/contents/contents.do?contseqn=1594&sitecdv=S0000600&decorator=user28OneClick&menucdv=01140000","사용","장애인 정당한 편의 기능 인증(우선구매대상지능정보화제품)","제공","제공","제공","부착","제공","미제공","제공","가능","2026-01-27 13:04:32"
"103","국방부_민원실","서울특별시 용산구 이태원로 22(용산동3가)","국방부 민원실","09:00 ","18:00 ","      ","      ","주말(공휴일) 정기휴무","http://www.yongsan.go.kr/pms/contents/contents.do?contseqn=1594&sitecdv=S0000600&decorator=user28OneClick&menucdv=01140000","사용","장애인 정당한 편의 기능 인증(우선구매대상지능정보화제품)","제공","제공","제공","부착","제공","미제공","제공","가능","2026-01-27 13:02:53"
"112","신대방1동주민센터","서울특별시 동작구 신대방길 72, 신대방1동 주민센터 (신대방동)","1층 민원실","08:00 ","19:00 ","      ","      ","","https://www.dongjak.go.kr/portal/main/contents.do?menuNo=200016","사용","장애인 정당한 편의 기능 인증(우선구매대상지능정보화제품)","제공","제공","제공","부착","제공","미제공","제공","가능","2026-01-27 11:33:22"
"513","남영동주민센터","서울특별시 용산구 두텁바위로 25, 남영동 주민센터 (갈월동)","1층 출입구 좌측","09:00 ","18:00 ","      ","      ","","https://www.yongsan.go.kr/dong/main/main.do?dongCd=03","사용","장애인 정당한 편의 기능 인증(우선구매대상지능정보화제품)","제공","제공","제공","부착","제공","미제공","제공","가능","2026-08-31 15:46:20"
"516","이태원2동주민센터","서울특별시 용산구 회나무로13길 58, 이태원제2동주민센터 (이태원동)","1층 민원실 입구 좌측","09:00 ","18:00 ","      ","      ","","https://www.yongsan.go.kr/dong/main/main.do?dongCd=13","사용","장애인 정당한 편의 기능 인증(우선구매대상지능정보화제품)","제공","제공","제공","부착","제공","미제공","제공","가능","2026-08-04 09:17:47"
"512","이촌2동주민센터","서울특별시 용산구 이촌로18길 20, 이촌2동 주민센터 (이촌동)","1층 민원실 입구 우측","09:00 ","18:00 ","      ","      ","","https://www.yongsan.go.kr/dong/main/main.do?dongCd=11","사용","장애인 정당한 편의 기능 인증(우선구매대상지능정보화제품)","제공","제공","제공","부착","제공","미제공","제공","가능","2026-08-03 10:24:42"
"517","서빙고동주민센터","서울특별시 용산구 서빙고로 279, 서빙고동주민센터 (서빙고동)","1층 민원실 입구 좌측","09:00 ","18:00 ","      ","      ","","https://www.yongsan.go.kr/dong/main/main.do?dongCd=15","사용","장애인 정당한 편의 기능 인증(우선구매대상지능정보화제품)","제공","제공","제공","부착","제공","미제공","제공","가능","2026-01-27 13:15:44"
"514","용산2가동주민센터","서울특별시 용산구 신흥로 90, 용산2가동 주민센터, 용산치안센터 (용산동2가)","2층 민원실 입구 우측","09:00 ","18:00 ","      ","      ","","https://www.yongsan.go.kr/dong/main/main.do?dongCd=02","사용","장애인 정당한 편의 기능 인증(우선구매대상지능정보화제품)","제공","제공","제공","부착","제공","미제공","제공","가능","2026-01-27 13:15:34"
"515","이태원1동주민센터","서울특별시 용산구 보광로 104-6, 이태원1동 주민센터 (이태원동)","1층 민원실 입구 좌측","09:00 ","18:00 ","      ","      ","","https://www.yongsan.go.kr/dong/main/main.do?dongCd=12","사용","장애인 정당한 편의 기능 인증(우선구매대상지능정보화제품)","제공","제공","제공","부착","제공","미제공","제공","가능","2026-01-27 13:15:22"
"521","구로구청2","서울특별시 구로구 가마산로 245, 구로구청 (구로동)","현관에서 부동산정보과 입구 오른쪽 첫번째","00:00 ","2400  ","00:00 ","2400  ","","https://www.guro.go.kr/www/contents.do;jsessionid=2B2734DF1E4BDABE4C4C17EA2A087147.3c9fdff513c606261?key=1625&","사용","장애인 편의 기능 포함(일반)","제공","제공","제공","부착","제공","미제공","제공","불가능","2026-01-26 10:21:29"
"404","공릉2동 주민센터","서울특별시 노원구 노원로1길 68(공릉동)","공릉2동 주민센터 1층","08:00 ","20:00 ","      ","      ","주말 및 공휴일 휴무","https://www.nowon.kr/www/minwon/minwon1/minwon1_04.jsp","사용","장애인 정당한 편의 기능 인증(우선구매대상지능정보화제품)","제공","제공","제공","부착","제공","미제공","제공","가능","2026-08-21 10:59:04"
"503","수유1동 주민센터","서울특별시 강북구 삼양로 299, 수유1동 주민센터,수유문화정보도서관 (수유동)","방풍실","00:00 ","2400  ","00:00 ","2400  ","","http://www.gangbuk.go.kr/www/contents.do?key=58","사용","장애인 정당한 편의 기능 인증(우선구매대상지능정보화제품)","제공","제공","제공","부착","제공","미제공","제공","가능","2026-08-20 17:34:39"
"517","구로세무서","서울특별시 영등포구 경인로 778, 구로세무서 (문래동1가)","로비 안내실 옆","09:00 ","18:00 ","      ","      ","주말(공휴일) 이용 불가","https://www.guro.go.kr/www/contents.do;jsessionid=2B2734DF1E4BDABE4C4C17EA2A087147.3c9fdff513c606261?key=1625&","사용","장애인 정당한 편의 기능 인증(우선구매대상지능정보화제품)","제공","제공","제공","부착","제공","미제공","제공","가능","2026-01-26 10:18:21"
"516","수궁동주민센터","서울특별시 구로구 오리로15길 32(궁동)","민원실","09:00 ","18:00 ","      ","      ","주말(공휴일) 이용 불가","https://www.guro.go.kr/www/contents.do;jsessionid=2B2734DF1E4BDABE4C4C17EA2A087147.3c9fdff513c606261?key=1625&","사용","장애인 편의 기능 포함(일반)","제공","제공","제공","부착","제공","미제공","제공","불가능","2026-01-26 10:17:19"
"513","가리봉동주민센터","서울특별시 구로구 우마2길 35 (가리봉동)","가족통합지원센터 1층 (민원실)","09:00 ","18:00 ","      ","      ","주말(공휴일) 이용 불가","https://www.guro.go.kr/www/contents.do;jsessionid=2B2734DF1E4BDABE4C4C17EA2A087147.3c9fdff513c606261?key=1625&","사용","장애인 편의 기능 포함(일반)","제공","제공","제공","부착","제공","미제공","제공","불가능","2026-01-26 10:14:22"
"512","구로1동주민센터","서울특별시 구로구 구일로4길 57(구로동)","민원실","09:00 ","18:00 ","      ","      ","주말(공휴일) 이용 불가","https://www.guro.go.kr/www/contents.do;jsessionid=2B2734DF1E4BDABE4C4C17EA2A087147.3c9fdff513c606261?key=1625&","사용","장애인 편의 기능 포함(일반)","제공","제공","제공","부착","제공","미제공","제공","불가능","2026-01-26 10:13:10"
"403","구로5동주민센터","서울특별시 구로구 구로중앙로28길 66(구로동)","구로5동주민센터","09:00 ","18:00 ","      ","      ","주말(공휴일) 이용 불가","https://www.guro.go.kr/www/contents.do;jsessionid=2B2734DF1E4BDABE4C4C17EA2A087147.3c9fdff513c606261?key=1625&","사용","장애인 정당한 편의 기능 인증(우선구매대상지능정보화제품)","제공","제공","제공","부착","제공","미제공","제공","가능","2026-08-24 09:58:46"
"502","인수동주민센터","서울특별시 강북구 인수봉로 255(수유동)","1층","08:45 ","18:00 ","      ","      ","주말(공휴일) 휴무","http://www.gangbuk.go.kr/www/contents.do?key=58","사용","장애인 정당한 편의 기능 인증(우선구매대상지능정보화제품)","제공","제공","제공","부착","제공","미제공","제공","가능","2026-08-20 17:34:32"
"507","노원역(7호선)","서울특별시 노원구 동일로 지하1409, 노원역 7호선 (상계동)","13번 기둥 앞","00:00 ","2400  ","00:00 ","2400  ","※오전 2:30~3:00 기기 점검시간미운영","https://www.nowon.kr/www/minwon/minwon1/minwon1_04.jsp","사용","장애인 편의 기능 포함(일반)","제공","제공","제공","부착","제공","미제공","제공","불가능","2026-07-20 14:56:56"
"508","초안산숲속작은도서관","서울특별시 노원구 덕릉로60길 199, 초안산숲속작은도서관 (월계동)","도서관 1층 입구 옆","09:00 ","18:00 ","      ","      ","","https://www.nowon.kr/www/minwon/minwon1/minwon1_04.jsp","사용","장애인 정당한 편의 기능 인증(우선구매대상지능정보화제품)","제공","제공","제공","부착","제공","미제공","제공","가능","2026-07-20 14:56:36"
"505","상계6,7동 주민센터","서울특별시 노원구 노원로 429, 상계6.7동주민센터 (상계동)","정문 앞","00:00 ","2400  ","00:00 ","2400  ","※ 오전 3:00~4:00 기기 점검시간미운영","https://www.nowon.kr/www/minwon/minwon1/minwon1_04.jsp","사용","장애인 편의 기능 포함(일반)","제공","제공","제공","부착","제공","미제공","제공","불가능","2026-07-20 14:55:56"
"530","힐스테이트신촌","서울특별시 서대문구 이화여대8길 123, 1층 (북아현동, 힐스테이트 신촌)","생활지원센터 1층","09:00 ","19:00 ","      ","      ","","https://www.sdm.go.kr/civil/print/automaic.do","사용","장애인 정당한 편의 기능 인증(우선구매대상지능정보화제품)","제공","제공","제공","부착","제공","미제공","제공","가능","2026-01-26 10:10:23"
"521","연세대학교 KIOSK","서울특별시 서대문구 연세로 50(신촌동)","백양누리 지하1층 내","06:00 ","2400  ","06:00 ","2400  ","","http://www.sdm.go.kr/civil/print/automaic.do","사용","장애인 정당한 편의 기능 인증(우선구매대상지능정보화제품)","제공","제공","제공","부착","제공","미제공","제공","가능","2026-01-26 10:08:13"
"519","가양1동주민센터","서울특별시 강서구 허준로 30, 가양1동주민센터 (가양동)","가양1동주민센터 1층 민원실 입구","09:00 ","18:00 ","10:00 ","14:00 ","일,공휴일 운영 안함","https://www.gangseo.seoul.kr/gs0101071","사용","장애인 편의 기능 포함(일반)","제공","제공","제공","부착","제공","미제공","제공","불가능","2026-08-28 13:49:04"
"410","원자력병원","서울특별시 노원구 노원로 75(공릉동)[서울특별시 노원구 공릉동 215번지 4]","1층로비","00:00 ","2400  ","00:00 ","2400  ","","https://www.nowon.kr/www/minwon/minwon1/minwon1_04.jsp","사용","장애인 정당한 편의 기능 인증(우선구매대상지능정보화제품)","제공","제공","제공","부착","제공","미제공","제공","가능","2026-08-21 11:02:03"
"429","정릉1동주민센터","서울특별시 성북구 정릉로38마길 33, 정릉1동 주민센터 (정릉동)","1층 민원대 앞","08:30 ","18:00 ","      ","      ","","https://www.sb.go.kr/main/PageLink.do?link=forward:use/PageContent.do&menuNo=01000000&subMenuNo=01040000&thirdMenuNo=01040100&fourthMenuNo=","사용","장애인 정당한 편의 기능 인증(우선구매대상지능정보화제품)","제공","제공","제공","부착","제공","미제공","제공","가능","2026-01-27 11:09:21"
"428","돈암2동주민센터","서울특별시 성북구 흥천사길 7, 돈암2동 주민센터 (돈암동)","1층 민원실 입구","08:30 ","18:00 ","      ","      ","","https://www.sb.go.kr/main/PageLink.do?link=forward:use/PageContent.do&menuNo=01000000&subMenuNo=01040000&thirdMenuNo=01040100&fourthMenuNo=","사용","장애인 정당한 편의 기능 인증(우선구매대상지능정보화제품)","제공","제공","제공","부착","제공","미제공","제공","가능","2026-01-27 11:09:06"
"427","정릉3동주민센터","서울특별시 성북구 솔샘로1길 6-3, 정릉3동 주민센터 (정릉동)","1층 민원실내","08:30 ","18:00 ","      ","      ","","https://www.sb.go.kr/main/PageLink.do?link=forward:use/PageContent.do&menuNo=01000000&subMenuNo=01040000&thirdMenuNo=01040100&fourthMenuNo=","사용","장애인 정당한 편의 기능 인증(우선구매대상지능정보화제품)","제공","제공","제공","부착","제공","미제공","제공","가능","2026-01-27 11:08:43"
"520","이화여자대학교 KIOSK","서울특별시 서대문구 이화여대길 52(대현동)","이화여자대학교 ECC B303호 앞","06:00 ","2400  ","06:00 ","2400  ","","http://www.sdm.go.kr/civil/print/automaic.do","사용","장애인 정당한 편의 기능 인증(우선구매대상지능정보화제품)","제공","제공","제공","부착","제공","미제공","제공","가능","2026-01-26 10:07:46"
"511","명지전문대학 KIOSK","서울특별시 서대문구 가좌로 134(홍은동)","명지전문대 본관 1층 로비","06:00 ","2400  ","06:00 ","2400  ","","http://www.sdm.go.kr/civil/print/automaic.do","사용","장애인 정당한 편의 기능 인증(우선구매대상지능정보화제품)","제공","제공","제공","부착","제공","미제공","제공","가능","2026-01-26 10:07:08"
"519","재외동포청","서울특별시 종로구 율곡로 6, 트윈 트리 빌딩 15층 (중학동)","재외동포청 사무실 내","09:00 ","18:00 ","      ","      ","","https://www.jongno.go.kr/Main.do?menuId=1015&menuNo=1015","사용","장애인 편의 기능 포함(일반)","제공","제공","제공","부착","제공","제공","제공","가능","2026-08-03 13:51:31"
"508","오류동역","서울특별시 구로구 경인로20길 13(오류동)","3번출구","05:00 ","01:00 ","05:00 ","01:00 ","지하철역별 운영시간 내 발급기 이용 가능","https://www.guro.go.kr/www/contents.do;jsessionid=2B2734DF1E4BDABE4C4C17EA2A087147.3c9fdff513c606261?key=1625&","사용","장애인 정당한 편의 기능 인증(우선구매대상지능정보화제품)","제공","제공","제공","부착","제공","미제공","제공","가능","2026-01-26 10:07:03"
"506","오류2동주민센터","서울특별시 구로구 오류로 45(오류동)","7호선 천왕역 2번출구 민원실입구","00:00 ","2400  ","00:00 ","2400  ","","https://www.guro.go.kr/www/contents.do;jsessionid=2B2734DF1E4BDABE4C4C17EA2A087147.3c9fdff513c606261?key=1625&","사용","장애인 정당한 편의 기능 인증(우선구매대상지능정보화제품)","제공","제공","제공","부착","제공","미제공","제공","가능","2026-01-26 10:04:49"
"406","구로3동주민센터","서울특별시 구로구 디지털로31길 109(구로동)","2층 민원실","09:00 ","18:00 ","      ","      ","주말(공휴일) 이용 불가","https://www.guro.go.kr/www/contents.do;jsessionid=2B2734DF1E4BDABE4C4C17EA2A087147.3c9fdff513c606261?key=1625&","사용","장애인 정당한 편의 기능 인증(우선구매대상지능정보화제품)","제공","제공","제공","부착","제공","미제공","제공","가능","2026-01-26 09:46:18"
"416","명일2동주민센터","서울특별시 강동구 상암로 260, 명일제2동주민센터 (명일동)","동주민센터 입구","00:00 ","2400  ","00:00 ","2400  ","365일 24시간 운영","https://www.gangdong.go.kr/site/contents/koRenew/html00/html04/index04.html","사용","장애인 정당한 편의 기능 인증(우선구매대상지능정보화제품)","제공","제공","제공","부착","제공","미제공","제공","가능","2026-01-23 15:37:39"
"531","영등포본동새마을금고","서울특별시 영등포구 영신로19길 3 (영등포동)","새마을금고 입구 우측","07:00 ","23:30 ","07:00 ","23:30 ","","http://www.ydp.go.kr/main/page.do?mCode=A010010000","사용","장애인 정당한 편의 기능 인증(우선구매대상지능정보화제품)","제공","제공","제공","부착","제공","제공","제공","가능","2026-01-23 11:21:31"
"529","여의동현장민원실","서울특별시 영등포구 국제금융로 10, 15호 (여의도동, 지하2층 스트리트몰)","출입구(우)","08:00 ","18:30 ","      ","      ","평일 점심시간(12:00~13:00) 발급불가","http://www.ydp.go.kr/main/page.do?mCode=A010010000","사용","장애인 정당한 편의 기능 인증(우선구매대상지능정보화제품)","제공","제공","제공","부착","제공","제공","제공","가능","2026-01-23 11:20:15"
"527","신길7동주민센터","서울특별시 영등포구 여의대방로43길 10(신길동)[서울특별시 영등포구 신길동 897번지 3호]","2층","08:00 ","20:00 ","      ","      ","토,일,공휴일 미운영","http://www.ydp.go.kr/main/page.do?mCode=A010010000","사용","장애인 정당한 편의 기능 인증(우선구매대상지능정보화제품)","제공","제공","제공","부착","제공","제공","제공","가능","2026-01-23 11:19:41"
"525","대림1동주민센터","서울특별시 영등포구 디지털로 441, 대림제1동사무소/대림1동복지관 (대림동)","민원실내","09:00 ","18:00 ","      ","      ","토,일,공휴일 휴무","https://www.ydp.go.kr/www/contents.do?key=2679&","사용","장애인 정당한 편의 기능 인증(우선구매대상지능정보화제품)","제공","제공","제공","부착","제공","미제공","제공","가능","2026-01-23 11:18:45"
"523","신길1동주민센터","서울특별시 영등포구 영등포로84길 24-5(신길동)[서울특별시 영등포구 신길동 465번지 2호 신길1동주민센터]","신길1동 주민센터","09:00 ","18:00 ","      ","      ","토요일만 가능 09:00~18:00","http://www.ydp.go.kr/main/page.do?mCode=A010010000","사용","장애인 정당한 편의 기능 인증(우선구매대상지능정보화제품)","제공","제공","제공","부착","제공","제공","제공","가능","2026-01-23 11:18:01"
"412","노원구청3","서울특별시 노원구 노해로 437, 노원구청 (상계동)","노원구 보건소 앞","00:00 ","2400  ","00:00 ","2400  ","","https://www.nowon.kr/www/minwon/minwon1/minwon1_04.jsp","사용","장애인 편의 기능 포함(일반)","제공","제공","제공","부착","제공","미제공","제공","불가능","2026-09-01 15:30:38"
"411","노원구청2","서울특별시 노원구 노해로 437, 노원구청 (상계동)","구청 1층 로비 민원여권과 앞","06:00 ","20:00 ","06:00 ","18:00 ","","https://www.nowon.kr/www/minwon/minwon1/minwon1_04.jsp","사용","장애인 편의 기능 포함(일반)","제공","제공","제공","부착","제공","미제공","제공","불가능","2026-09-01 15:30:14"
"527","명지대학교","서울특별시 서대문구 거북골로 34, 명지대학교 (남가좌동)","행정동 1층","06:00 ","2400  ","06:00 ","2400  ","","http://98.13.3.13:3100/ntis/athena/pegasus/login/login_main.jsp","사용","장애인 정당한 편의 기능 인증(우선구매대상지능정보화제품)","제공","제공","제공","부착","제공","미제공","제공","가능","2026-08-26 16:06:47"
"405","을지병원","서울특별시 노원구 한글비석로 68(상계동, 을지병원)","1층 로비","00:00 ","2400  ","00:00 ","2400  ","","https://www.nowon.kr/www/minwon/minwon1/minwon1_04.jsp","사용","장애인 정당한 편의 기능 인증(우선구매대상지능정보화제품)","제공","제공","제공","부착","제공","미제공","제공","가능","2026-08-21 11:01:25"
"402","월계헬스케어센터","서울특별시 노원구 월계로 378(월계동)","월계헬스케어센터4층 복지민원실","09:00 ","18:00 ","      ","      ","주말 및 공휴일 휴무","https://www.nowon.kr/www/minwon/minwon1/minwon1_04.jsp","사용","장애인 정당한 편의 기능 인증(우선구매대상지능정보화제품)","제공","제공","제공","부착","제공","미제공","제공","가능","2026-07-20 14:34:48"
"524","구 반포2동 주민센터","서울특별시 서초구 신반포로15길 16 (반포동)","1층 건물 입구 우측","00:00 ","2400  ","00:00 ","2400  ","","https://www.seocho.go.kr/site/seocho/01/10101050000002015070109.jsp","사용","장애인 정당한 편의 기능 인증(우선구매대상지능정보화제품)","제공","제공","제공","부착","제공","미제공","제공","가능","2026-01-26 18:50:30"
"526","양평1동주민센터","서울특별시 영등포구 영등포로11길 12(양평동1가)[서울특별시 영등포구 양평동1가 211번지 1호]","민원실내","08:30 ","18:00 ","      ","      ","토,일,공휴일 휴무","http://www.ydp.go.kr/main/page.do?mCode=A010010000","사용","장애인 정당한 편의 기능 인증(우선구매대상지능정보화제품)","제공","제공","제공","부착","제공","제공","제공","가능","2026-01-23 11:19:26"
"406","방배1동주민센터","서울특별시 서초구 효령로29길 43, 1층 (방배동, 방배1동주민센터)[서울특별시 서초구 방배동 922번지 18호 방배1동주민센터]","1층 민원실","00:00 ","2400  ","00:00 ","2400  ","","http://www.seocho.go.kr/site/seocho/01/10101050000002015070109.jsp","사용","장애인 정당한 편의 기능 인증(우선구매대상지능정보화제품)","제공","제공","제공","부착","제공","미제공","제공","가능","2026-08-04 14:02:13"
"510","서초3동민원분소2(서울중앙지방법원등기국)","서울특별시 서초구 법원로3길 14, 1층 (서초동, 서울중앙지방법원 등기국)[서울특별시 서초구 서초동 1707번지 4호 서울중앙지방법원 등기국]","1층 무인발급기실","08:00 ","18:00 ","      ","      ","야간, 주말 및 공휴일 등 근무시간 외에는 이용 불가","http://www.seocho.go.kr/site/seocho/01/10101050000002015070109.jsp","사용","장애인 정당한 편의 기능 인증(우선구매대상지능정보화제품)","제공","제공","제공","부착","제공","미제공","제공","가능","2026-01-26 18:42:19"
"415","서초구청2","서울특별시 서초구 남부순환로 2584(서초동)[서울특별시 서초구 서초동 1376번지 3호]","서초구청 1층 오케이민원센터 앞","00:00 ","2400  ","00:00 ","2400  ","","http://www.seocho.go.kr/site/seocho/01/10101050000002015070109.jsp","사용","장애인 정당한 편의 기능 인증(우선구매대상지능정보화제품)","제공","제공","제공","부착","제공","미제공","제공","가능","2026-01-26 18:38:43"
"530","국회의원회관","서울특별시 영등포구 의사당대로 1, 국회의원회관 (여의도동)","2층 입구 좌측 안내실 내","09:00 ","18:00 ","      ","      ","평일 업무시간 내 운영","http://www.ydp.go.kr/main/page.do?mCode=A010010000","사용","장애인 정당한 편의 기능 인증(우선구매대상지능정보화제품)","제공","제공","제공","부착","제공","제공","제공","가능","2026-01-23 11:21:05"
"524","문래동주민센터","서울특별시 영등포구 문래로28길 15(문래동3가)","주민센터 민원실 입구","08:00 ","19:00 ","      ","      ","토, 일,공휴일 휴무","http://www.ydp.go.kr/main/page.do?mCode=A010010000","사용","장애인 정당한 편의 기능 인증(우선구매대상지능정보화제품)","제공","제공","제공","부착","제공","제공","제공","가능","2026-01-23 11:18:21"
"502","면목본동주민센터","서울특별시 중랑구 면목로 397(면목동)","면목본동주민센터 1층 민원실","09:00 ","18:00 ","      ","      ","주말휴무","http://www.jungnang.go.kr/portal/main/contents.do?menuNo=200004","사용","장애인 정당한 편의 기능 인증(우선구매대상지능정보화제품)","제공","제공","제공","부착","제공","미제공","제공","가능","2026-08-20 11:43:31"
"513","역삼1동주민센터3","서울특별시 강남구 역삼로7길 16(역삼동)[서울특별시 강남구 역삼동 829번지 20호 역삼1동주민센터]","역삼1동주민센터 1층 무인민원발급창구 민원인 기준 좌측","00:00 ","2400  ","00:00 ","2400  ","365일 24시간 운영","http://www.gangnam.go.kr/contents/dispenser/1/view.do?mid=FM010103","사용","장애인 정당한 편의 기능 인증(우선구매대상지능정보화제품)","제공","제공","제공","부착","제공","미제공","제공","가능","2026-08-03 10:17:31"
"425","중곡역","서울특별시 광진구 능동로 지하 417(중곡동)","지하철 7호선 중곡역 3번출구 지하 1층(기업은행 ATM기 옆)","05:00 ","01:00 ","05:00 ","2400  ","평일05:00~익일01:00, 주말/공휴일05:00~24:00","https://www.gwangjin.go.kr/portal/main/contents.do?menuNo=200030","사용","장애인 정당한 편의 기능 인증(우선구매대상지능정보화제품)","제공","제공","제공","부착","제공","미제공","제공","가능","2026-07-31 09:22:12"
"506","고덕1동 주민센터","서울특별시 강동구 양재대로156길 123, 고덕1동주민센터 (고덕동)","1층 현관 안","08:00 ","18:30 ","      ","      ","주말, 국경일 및 법정공휴일 발급불가","https://www.gangdong.go.kr/site/contents/koRenew/html00/html04/index04.html","사용","장애인 정당한 편의 기능 인증(우선구매대상지능정보화제품)","제공","제공","제공","부착","제공","미제공","제공","가능","2026-07-20 09:18:14"
"428","중곡2동주민센터2","서울특별시 광진구 능동로 346, 중곡제2동주민센터 (중곡동)","주민센터 바깥 좌측","00:00 ","2400  ","00:00 ","2400  ","","https://www.gwangjin.go.kr/portal/main/contents.do?menuNo=200030","사용","장애인 정당한 편의 기능 인증(우선구매대상지능정보화제품)","제공","제공","제공","부착","제공","미제공","제공","가능","2026-01-23 11:17:58"
"510","세브란스병원 KIOSK","서울특별시 서대문구 연세로 50-1, 연세의료원 (신촌동)","세브란스병원 본관 3층","06:00 ","2400  ","06:00 ","2400  ","","http://www.sdm.go.kr/civil/print/automaic.do","사용","장애인 정당한 편의 기능 인증(우선구매대상지능정보화제품)","제공","제공","제공","부착","제공","미제공","제공","가능","2026-08-26 16:05:37"
"510","마포구청1","서울특별시 마포구 월드컵로 212(성산동)[서울특별시 마포구 성산동 370번지]","2층 민원여권과","08:00 ","20:00 ","      ","      ","재기동 시간 : 오전 3시","https://www.mapo.go.kr/site/main/content/mapo01010202","사용","장애인 정당한 편의 기능 인증(우선구매대상지능정보화제품)","제공","제공","제공","부착","제공","미제공","제공","가능","2026-08-25 16:26:53"
"411","월곡1동주민센터","서울특별시 성북구 오패산로 96(하월곡동)","청사내","08:30 ","18:00 ","      ","      ","","https://www.sb.go.kr/PageLink.do?link=forward:use/PageContent.do&tempParam1=&menuNo=01000000&subMenuNo=01040000&thirdMenuNo=01040100&fourthMenuNo=","사용","장애인 정당한 편의 기능 인증(우선구매대상지능정보화제품)","제공","제공","제공","부착","제공","미제공","제공","가능","2026-07-08 11:27:09"
"417","서초구청3(법인전용)","서울특별시 서초구 남부순환로 2584, 서초구청 (서초동)","서초구청 본관 1층 오케이민원센터 내","09:00 ","18:00 ","      ","      ","","http://www.seocho.go.kr/site/seocho/01/10101050000002015070109.jsp","사용","장애인 정당한 편의 기능 인증(우선구매대상지능정보화제품)","제공","제공","제공","부착","제공","미제공","제공","가능","2026-07-02 20:46:19"
"415","중곡3동주민센터","서울특별시 광진구 동일로76가길 28, 중곡제3동주민센터 (중곡동)","중곡3동주민센터 옥외부스","00:00 ","2400  ","00:00 ","2400  ","","https://www.gwangjin.go.kr/portal/main/contents.do?menuNo=200030","사용","장애인 정당한 편의 기능 인증(우선구매대상지능정보화제품)","제공","제공","제공","부착","제공","미제공","제공","가능","2026-04-21 10:02:53"
"522","여의동주민센터1","서울특별시 영등포구 국제금융로 124(여의도동)[서울특별시 영등포구 여의도동 53번지 22호]","2층 민원실 내","08:00 ","19:00 ","      ","      ","토,일,공휴일 휴무","http://www.ydp.go.kr/main/page.do?mCode=A010010000","사용","장애인 정당한 편의 기능 인증(우선구매대상지능정보화제품)","제공","제공","제공","부착","제공","제공","제공","가능","2026-01-23 11:17:46"
"427","화양동주민센터2","서울특별시 광진구 능동로17길 39, 화양동주민센터 (화양동)","2층 민원실 입구 우측","09:00 ","18:00 ","      ","      ","","https://www.gwangjin.go.kr/portal/main/contents.do?menuNo=200030","사용","장애인 정당한 편의 기능 인증(우선구매대상지능정보화제품)","제공","제공","제공","부착","제공","미제공","제공","가능","2026-01-23 11:17:20"
"520","영등포동자치회관","서울특별시 영등포구 국회대로44길 4(영등포동7가)","1층현관 출입문 좌측","09:00 ","18:00 ","      ","      ","토요일만가능 06:00~18:00","http://www.ydp.go.kr/main/page.do?mCode=A010010000","사용","장애인 정당한 편의 기능 인증(우선구매대상지능정보화제품)","제공","제공","제공","부착","제공","제공","제공","가능","2026-01-23 11:17:18"
"519","강남성심병원","서울특별시 영등포구 신길로 1(대림동)","강남성심병원 1층(본관로비)","06:00 ","23:00 ","06:00 ","23:00 ","","http://www.ydp.go.kr/main/page.do?mCode=A010010000","사용","장애인 정당한 편의 기능 인증(우선구매대상지능정보화제품)","제공","제공","제공","부착","제공","제공","제공","가능","2026-01-23 11:16:54"
"518","대림3동주민센터","서울특별시 영등포구 가마산로 364, 성락빌딩 1층 (대림동)","대림3동 주민센터(내)","08:30 ","18:00 ","      ","      ","토,일요일,공휴일 휴무","http://www.ydp.go.kr/main/page.do?mCode=A010010000","사용","장애인 정당한 편의 기능 인증(우선구매대상지능정보화제품)","제공","제공","제공","부착","제공","제공","제공","가능","2026-01-23 11:16:34"
"518","올림픽기념국민생활관","서울특별시 종로구 성균관로 91(혜화동)","1층 로비","06:00 ","21:00 ","09:00 ","17:00 ","","http://www.jongno.go.kr/Main.do?menuId=1015&menuNo=1015","사용","장애인 편의 기능 포함(일반)","제공","제공","제공","부착","제공","제공","제공","가능","2026-08-03 13:51:16"
"515","헌법재판소","서울특별시 종로구 북촌로 15(재동)[서울특별시 종로구 재동 83번지]","별관 1층","09:00 ","18:00 ","      ","      ","","http://www.jongno.go.kr/Main.do?menuId=1015&menuNo=1015","사용","장애인 정당한 편의 기능 인증(우선구매대상지능정보화제품)","제공","제공","제공","부착","제공","미제공","제공","가능","2026-08-03 13:50:46"
"502","길동주민센터","서울특별시 강동구 천호대로 1183 (길동)","길동주민센터 정문 좌측","00:00 ","2400  ","00:00 ","2400  ","365일 24시간 운영","https://www.gangdong.go.kr/site/contents/koRenew/html00/html04/index04.html","사용","장애인 정당한 편의 기능 인증(우선구매대상지능정보화제품)","제공","제공","제공","부착","제공","미제공","제공","가능","2026-07-20 09:18:48"
"503","강동세무서","서울특별시 강동구 천호대로 1139(길동)","4층 로비 안내데스크 옆","09:00 ","18:00 ","      ","      ","강동세무서 업무시간 내 운용(토,일,공휴일 미운영)","https://www.gangdong.go.kr/site/contents/koRenew/html00/html04/index04.html","사용","장애인 정당한 편의 기능 인증(우선구매대상지능정보화제품)","제공","제공","제공","부착","제공","제공","제공","가능","2026-07-01 09:11:46"
"517","여의도성모병원","서울특별시 영등포구 63로 10(여의도동)","여의도성모병원 2층(본관 로비)","06:00 ","23:00 ","06:00 ","23:00 ","","http://www.ydp.go.kr/main/page.do?mCode=A010010000","사용","장애인 정당한 편의 기능 인증(우선구매대상지능정보화제품)","제공","제공","제공","부착","제공","제공","제공","가능","2026-01-23 11:16:16"
"515","홈플러스영등포점","서울특별시 영등포구 당산로 42(문래동3가)","지상1층 출입구앞(우측)","10:00 ","2400  ","10:00 ","2400  ","홈플러스 정기휴무일 휴무","http://www.ydp.go.kr/main/page.do?mCode=A010010000","사용","장애인 정당한 편의 기능 인증(우선구매대상지능정보화제품)","제공","제공","제공","부착","제공","제공","제공","가능","2026-01-23 11:15:51"
"514","영등포세무서","서울특별시 영등포구 선유로 243, 영등포세무서 (양평동4가)","영등포세무서 1층","09:00 ","18:00 ","      ","      ","토,일,공휴일 휴무","http://www.ydp.go.kr/main/page.do?mCode=A010010000","사용","장애인 정당한 편의 기능 인증(우선구매대상지능정보화제품)","제공","제공","제공","부착","제공","제공","제공","가능","2026-01-23 11:15:10"
"407","신당5동주민센터","서울특별시 중구 다산로44길 85, 신당제5동주민센터 (신당동)","옥외 부스","00:00 ","2400  ","00:00 ","2400  ","","http://www.junggu.seoul.kr/minwon/content.do?cmsid=13984","사용","장애인 정당한 편의 기능 인증(우선구매대상지능정보화제품)","제공","제공","제공","부착","제공","미제공","제공","가능","2026-08-31 00:12:45"
"405","암사역","서울특별시 강동구 올림픽로 지하 776(암사동)[서울특별시 강동구 암사동 501번지 암사역]","지하철 8호선 암사역 대합실","05:00 ","01:00 ","05:00 ","2400  ","지하철역사 운영시간내 발급가능(연중무휴)","https://www.gangdong.go.kr/site/contents/koRenew/html00/html04/index04.html","사용","장애인 정당한 편의 기능 인증(우선구매대상지능정보화제품)","제공","제공","제공","부착","제공","제공","제공","가능","2026-07-20 09:48:43"
"201","고덕역","서울특별시 강동구 고덕로 지하 253(고덕동)[서울특별시 강동구 고덕동 310번지 고덕역]","고덕역 지하1층 대합실","05:00 ","01:00 ","05:00 ","2400  ","지하철역사 운영시간 내 발급가능(연중무휴)","https://www.gangdong.go.kr/site/contents/koRenew/html00/html04/index04.html","사용","장애인 정당한 편의 기능 인증(우선구매대상지능정보화제품)","제공","제공","제공","부착","제공","제공","제공","가능","2026-07-20 09:47:13"
"402","길동역","서울특별시 강동구 양재대로 지하 1480(길동)[서울특별시 강동구 길동 378번지 길동역]","지하철 5호선 길동역 지하 대합실","05:00 ","01:00 ","05:00 ","2400  ","지하철역사 운영시간내 발급가능(연중무휴)","https://www.gangdong.go.kr/site/contents/koRenew/html00/html04/index04.html","사용","장애인 정당한 편의 기능 인증(우선구매대상지능정보화제품)","제공","제공","제공","부착","제공","제공","제공","가능","2026-07-01 09:11:46"
"513","당산역","서울특별시 영등포구 당산로 229(당산동6가)","지상2층 1번출구(2호선)","06:00 ","23:30 ","06:00 ","23:30 ","","http://www.ydp.go.kr/main/page.do?mCode=A010010000","사용","장애인 정당한 편의 기능 인증(우선구매대상지능정보화제품)","제공","제공","제공","부착","제공","제공","제공","가능","2026-01-23 11:14:38"
"512","영등포구청1","서울특별시 영등포구 당산로 123(당산동3가)","영등포구청(일반)","07:00 ","20:00 ","07:00 ","20:00 ","","http://www.ydp.go.kr/main/page.do?mCode=A010010000","사용","장애인 정당한 편의 기능 인증(우선구매대상지능정보화제품)","제공","제공","제공","부착","제공","제공","제공","가능","2026-01-23 11:14:12"
"511","여의도역2","서울특별시 영등포구 여의나루로 40(여의도동)","여의도역 지하1층 매표소 앞(우)","06:00 ","23:30 ","06:00 ","23:30 ","","http://www.ydp.go.kr/main/page.do?mCode=A010010000","사용","장애인 정당한 편의 기능 인증(우선구매대상지능정보화제품)","제공","제공","제공","부착","제공","제공","제공","가능","2026-01-23 11:13:52"
"502","신길3동주민센터","서울특별시 영등포구 가마산로 483 (신길동, 신길 AK 푸르지오)","신길3동주민센터 민원실 내","09:00 ","18:00 ","      ","      ","주말 및 공휴일 미운영","http://www.ydp.go.kr/main/page.do?mCode=A010010000","사용","장애인 정당한 편의 기능 인증(우선구매대상지능정보화제품)","제공","제공","제공","부착","제공","제공","제공","가능","2026-01-23 11:13:30"
"411","화양동주민센터","서울특별시 광진구 능동로17길 39(화양동)","화양동주민센터","00:00 ","2400  ","00:00 ","2400  ","","https://www.gwangjin.go.kr/portal/main/contents.do?menuNo=200030","사용","장애인 정당한 편의 기능 인증(우선구매대상지능정보화제품)","제공","제공","제공","부착","제공","미제공","제공","가능","2026-01-23 11:08:01"
"502","아현동주민센터","서울특별시 마포구 마포대로7길 18(공덕동)[서울특별시 마포구 공덕동 458번지]","아현동 주민센터 1층 출입문 옆","00:00 ","2400  ","00:00 ","2400  ","시스템 점검시간(오전2시~오전5시 제외) / 2021.4.1. 운영시간 변경","https://www.mapo.go.kr/site/main/content/mapo01010202","사용","장애인 정당한 편의 기능 인증(우선구매대상지능정보화제품)","제공","제공","제공","부착","제공","미제공","제공","가능","2026-08-18 14:34:46"
"515","서초우면열린문화센터","서울특별시 서초구 양재대로2길 110, 우면열린문화센터 1층 (우면동)","서울특별시 서초구 양재대로2길 110, 1층(우면동,우면열린문화센터)","00:00 ","2400  ","00:00 ","2400  ","","http://www.seocho.go.kr/site/seocho/01/10101050000002015070109.jsp","사용","장애인 정당한 편의 기능 인증(우선구매대상지능정보화제품)","제공","제공","제공","부착","제공","미제공","제공","가능","2026-08-03 17:49:56"
"514","신정7동주민센터","서울특별시 양천구 목동동로 37, 신정7동주민센터 (신정동)","1층 민원실","09:00 ","18:00 ","      ","      ","주말 및 휴일 이용불가","http://www.yangcheon.go.kr/site/yangcheon/01/10101040000002016081013.jsp","사용","장애인 편의 기능 포함(일반)","제공","제공","제공","부착","제공","미제공","제공","불가능","2026-07-14 09:39:49"
"512","상암동주민센터","서울특별시 마포구 매봉산로2길 16(상암동)[서울특별시 마포구 상암동 7번지 1호]","상암동주민센터 출입구 안쪽","08:00 ","20:00 ","      ","      ","2021.4.1. 운영시간 변경","https://www.mapo.go.kr/site/main/content/mapo01010202","사용","장애인 정당한 편의 기능 인증(우선구매대상지능정보화제품)","제공","제공","제공","부착","제공","미제공","제공","가능","2026-03-24 11:06:25"
"501","영등포구청별관","서울특별시 영등포구 선유동1로 80, 영등포구 별관청사 (당산동3가)","A동 1층 출입구 내","09:00 ","18:00 ","      ","      ","주말, 공휴일 미운영","http://www.ydp.go.kr/main/page.do?mCode=A010010000","사용","장애인 정당한 편의 기능 인증(우선구매대상지능정보화제품)","제공","제공","제공","부착","제공","제공","제공","가능","2026-01-23 10:31:28"
"414","도림동 새마을금고","서울특별시 영등포구 도신로 89(도림동)","금융자동화창구 내","08:30 ","23:30 ","08:30 ","23:30 ","","https://www.ydp.go.kr/www/contents.do?key=2679&","사용","장애인 정당한 편의 기능 인증(우선구매대상지능정보화제품)","제공","제공","제공","부착","제공","미제공","제공","가능","2026-01-23 10:29:17"
"412","창의예술교육센터","서울특별시 영등포구 양평로20길 8-1(양평동4가)","건물 앞 외부부스","00:00 ","2400  ","00:00 ","2400  ","","https://www.ydp.go.kr/www/contents.do?key=2679&","사용","장애인 정당한 편의 기능 인증(우선구매대상지능정보화제품)","제공","제공","제공","부착","제공","제공","제공","가능","2026-01-23 10:26:21"
"411","근로복지공단 서울남부지사","서울특별시 영등포구 버드나루로2길 8, 근로복지공단 (영등포동2가)","1층","08:30 ","18:00 ","      ","      ","","https://www.ydp.go.kr/www/contents.do?key=2679&","사용","장애인 정당한 편의 기능 인증(우선구매대상지능정보화제품)","제공","제공","제공","부착","제공","제공","제공","가능","2026-01-23 10:25:52"
"410","양평2동주민센터","서울특별시 영등포구 선유로47길 30, 양평2동 주민센터 (양평동4가)","민원실 입구","08:30 ","18:00 ","      ","      ","토,일,공휴일 휴무","http://www.ydp.go.kr/main/page.do?mCode=A010010000","사용","장애인 정당한 편의 기능 인증(우선구매대상지능정보화제품)","제공","제공","제공","부착","제공","제공","제공","가능","2026-01-23 10:25:09"
"518","이마트청계천점(황학동)","서울특별시 중구 청계천로 400 (황학동, 롯데캐슬베네치아)","이마트 천계천점(지하2층)","00:00 ","2400  ","00:00 ","2400  ","","https://www.junggu.seoul.kr/minwon/content.do?cmsid=13984","사용","장애인 정당한 편의 기능 인증(우선구매대상지능정보화제품)","제공","제공","제공","부착","제공","제공","제공","가능","2026-08-31 03:16:41"
"111","방화1동주민센터","서울특별시 강서구 방화대로 330, 방화1동주민센터 (마곡동)","1층 민원실 입구 우측","09:00 ","18:00 ","09:00 ","13:00 ","일요일 및 공휴일 운영 안함","https://www.gangseo.seoul.kr/gs0101071","사용","장애인 정당한 편의 기능 인증(우선구매대상지능정보화제품)","제공","제공","제공","부착","제공","미제공","제공","가능","2026-08-28 13:49:04"
"507","행당제2동주민센터 KIOSK","서울특별시 성동구 행당로9길 9(행당동)","행당제2동주민센터","00:00 ","2400  ","00:00 ","2400  ","24시간 운영","http://www.sd.go.kr/sd/main.do?mCode=13A030030000&op=mainSub&lay=5","사용","장애인 정당한 편의 기능 인증(우선구매대상지능정보화제품)","제공","제공","제공","부착","제공","미제공","제공","가능","2026-07-31 15:15:48"
"110","건대병원","서울특별시 광진구 능동로 120-1(화양동)","건대병원 1층 에스컬레이터 옆","00:00 ","2400  ","00:00 ","2400  ","운영시간00:00~23:59","https://www.gwangjin.go.kr/portal/main/contents.do?menuNo=200030","사용","장애인 정당한 편의 기능 인증(우선구매대상지능정보화제품)","제공","제공","제공","부착","제공","미제공","제공","가능","2026-07-31 09:22:12"
"505","신도림동주민센터 입구","서울특별시 구로구 신도림로 40(신도림동)","신도림동주민센터 입구","00:00 ","2400  ","00:00 ","2400  ","","https://www.guro.go.kr/www/contents.do;jsessionid=2B2734DF1E4BDABE4C4C17EA2A087147.3c9fdff513c606261?key=1625&","사용","장애인 정당한 편의 기능 인증(우선구매대상지능정보화제품)","제공","제공","제공","부착","제공","미제공","제공","가능","2026-07-15 08:55:37"
"403","여의도역1","서울특별시 영등포구 여의나루로 40(여의도동)","지하1층매표소앞(좌) 1.2번출구쪽","06:00 ","23:30 ","06:00 ","23:30 ","","http://www.ydp.go.kr/main/page.do?mCode=A010010000","사용","장애인 정당한 편의 기능 인증(우선구매대상지능정보화제품)","제공","제공","제공","부착","제공","제공","제공","가능","2026-01-23 10:15:23"
"401","영등포본동주민센터","서울특별시 영등포구 신길로61길 17(영등포동)[서울특별시 영등포구 영등포동 592번지 70호]","청사출입구","09:00 ","18:00 ","      ","      ","","http://www.ydp.go.kr/main/page.do?mCode=A010010000","사용","장애인 정당한 편의 기능 인증(우선구매대상지능정보화제품)","제공","제공","제공","부착","제공","제공","제공","가능","2026-01-23 10:12:38"
"301","당산1동주민센터","서울특별시 영등포구 양산로23길 11(당산동3가)","본관 입구 앞","08:30 ","19:00 ","      ","      ","토,일,공휴일 휴무","http://www.ydp.go.kr/main/page.do?mCode=A010010000","사용","장애인 정당한 편의 기능 인증(우선구매대상지능정보화제품)","제공","제공","제공","부착","제공","제공","제공","가능","2026-01-23 10:07:24"
"510","성내3동주민센터","서울특별시 강동구 강동대로53길 76, 성내3동주민센터 (성내동)","가람슬기 작은도서관 옆","09:00 ","18:00 ","      ","      ","","https://www.gangdong.go.kr/web/newportal/contents/gdp_001_005_004","사용","장애인 정당한 편의 기능 인증(우선구매대상지능정보화제품)","제공","제공","제공","부착","제공","미제공","제공","가능","2026-01-23 09:21:43"
"519","서울시청(서소문청사)","서울특별시 중구 덕수궁길 15, 서울시청 서소문별관 (서소문동)","1층 로비","00:00 ","2400  ","00:00 ","2400  ","","https://www.junggu.seoul.kr/minwon/content.do?cmsid=13984","사용","장애인 정당한 편의 기능 인증(우선구매대상지능정보화제품)","제공","제공","제공","부착","제공","제공","제공","가능","2026-08-31 20:28:12"
"510","번3동주민센터","서울특별시 강북구 한천로105길 21, 번3동주민센터,환경미화원휴게실 (번동)","1층 민원실 내 안쪽에 위치","08:45 ","18:00 ","      ","      ","","http://www.gangbuk.go.kr/www/contents.do?key=58","사용","장애인 정당한 편의 기능 인증(우선구매대상지능정보화제품)","제공","제공","제공","부착","제공","미제공","제공","가능","2026-08-20 17:35:38"
"411","미아동 복합청사 1층","서울특별시 강북구 솔매로49길 14, 미아동 복합청사, 미아문화정보도서관 (미아동)","1층 민원실 문 앞","09:00 ","18:00 ","      ","      ","","http://www.gangbuk.go.kr/www/contents.do?key=58","사용","장애인 정당한 편의 기능 인증(우선구매대상지능정보화제품)","제공","제공","제공","부착","제공","미제공","제공","가능","2026-08-20 17:34:26"
"408","송중동주민센터","서울특별시 강북구 오패산로 162(미아동)","송중동주민센터","08:45 ","18:00 ","      ","      ","","http://www.gangbuk.go.kr/www/contents.do?key=58","사용","장애인 정당한 편의 기능 인증(우선구매대상지능정보화제품)","제공","제공","제공","부착","제공","미제공","제공","가능","2026-08-20 17:34:18"
"523","국민은행 가산디지털종합금융센터","서울특별시 금천구 벚꽃로 286, 삼성리더스타워 1층 (가산동)","사용중지","07:00 ","23:30 ","07:00 ","23:30 ","","http://www.geumcheon.go.kr/html/048/048001005.html","사용","장애인 편의 기능 포함(일반)","제공","제공","제공","부착","제공","미제공","제공","불가능","2026-03-03 13:26:59"
"417","당산동새마을금고(생각공장지점)","서울특별시 영등포구 영등포로 150, 생각공장 당산 c동 1층 101호 (당산동1가)","1층","07:00 ","23:30 ","07:00 ","23:30 ","2017-03-27 영등포동주민센터에 설치되었던 기계를 옮겨 설치함","http://www.ydp.go.kr/main/page.do?mCode=A010010000","사용","장애인 정당한 편의 기능 인증(우선구매대상지능정보화제품)","제공","제공","제공","부착","제공","제공","제공","가능","2026-01-23 10:30:26"
"416","문래도서관","서울특별시 영등포구 문래로20길 49, 문래정보문화도서관 (문래동3가)","주차장 옆","00:00 ","2400  ","00:00 ","2400  ","","https://www.ydp.go.kr/www/contents.do?key=2679&","사용","장애인 정당한 편의 기능 인증(우선구매대상지능정보화제품)","제공","제공","제공","부착","제공","미제공","제공","가능","2026-01-23 10:30:05"
"513","사직동 주민센터","서울특별시 종로구 사직로9길 1(사직동)[서울특별시 종로구 사직동 1번지 28호]","민원실 내","09:00 ","18:00 ","      ","      ","","http://www.jongno.go.kr/Main.do?menuId=1015&menuNo=1015","사용","장애인 정당한 편의 기능 인증(우선구매대상지능정보화제품)","제공","제공","제공","부착","제공","제공","제공","가능","2026-01-22 17:52:12"
"508","장충동주민센터","서울특별시 중구 장충단로8길 22, 장충동주민센터 (장충동1가)","옥외 부스","00:00 ","2400  ","00:00 ","2400  ","","http://www.junggu.seoul.kr/minwon/content.do?cmsid=13984","사용","장애인 정당한 편의 기능 인증(우선구매대상지능정보화제품)","제공","제공","제공","부착","제공","제공","제공","가능","2026-08-31 02:06:48"
"512","삼양동주민센터","서울특별시 강북구 솔매로 69, 삼양동주민센터 (미아동)","방풍실","00:00 ","2400  ","00:00 ","2400  ","","https://www.gangbuk.go.kr/www/contents.do?key=58","사용","장애인 정당한 편의 기능 인증(우선구매대상지능정보화제품)","제공","제공","제공","부착","제공","미제공","제공","가능","2026-08-20 17:35:53"
"508","번1동주민센터","서울특별시 강북구 덕릉로41길 74, 번1동주민센터 (번동)","1층 민원실 내 위치","09:00 ","18:00 ","      ","      ","","http://www.gangbuk.go.kr/www/contents.do?key=58","사용","장애인 정당한 편의 기능 인증(우선구매대상지능정보화제품)","제공","제공","제공","부착","제공","미제공","제공","가능","2026-08-20 17:35:22"
"509","번2동주민센터","서울특별시 강북구 한천로 897, 강북보건소,번2동 주민센터 (번동)","민원실 내 안쪽에 위치","09:00 ","18:00 ","      ","      ","","http://www.gangbuk.go.kr/www/contents.do?key=58","사용","장애인 정당한 편의 기능 인증(우선구매대상지능정보화제품)","제공","제공","제공","부착","제공","미제공","제공","가능","2026-08-20 15:35:13"
"426","국립정신건강센터","서울특별시 광진구 용마산로 127, 국립정신건강센터 (중곡동)","국립정신건강센터 1층 로비","00:00 ","2400  ","00:00 ","2400  ","","https://www.gwangjin.go.kr/portal/main/contents.do?menuNo=200030","사용","장애인 정당한 편의 기능 인증(우선구매대상지능정보화제품)","제공","제공","제공","부착","제공","미제공","제공","가능","2026-07-31 09:22:12"
"415","도림동주민센터","서울특별시 영등포구 도영로7길 10, 도림동주민센터 (도림동)","주차장내","00:00 ","2400  ","00:00 ","2400  ","","https://www.ydp.go.kr/www/contents.do?key=2679&","사용","장애인 정당한 편의 기능 인증(우선구매대상지능정보화제품)","제공","제공","제공","부착","제공","미제공","제공","가능","2026-01-23 10:29:46"
"520","평창동 주민센터","서울특별시 종로구 평창문화로 65, 평창동 주민센터 (평창동)","1층 실내","08:40 ","18:00 ","      ","      ","","http://98.1.1.125:3100/ntis/athena/pegasus/login/login_main.jsp","사용","장애인 편의 기능 포함(일반)","제공","제공","제공","부착","제공","제공","제공","가능","2026-01-22 17:57:43"
"511","응봉동주민센터 KIOSK","서울특별시 성동구 독서당로 424(응봉동)","응봉동주민센터","00:00 ","2400  ","00:00 ","2400  ","24시간 운영","http://www.sd.go.kr/sd/main.do?op=mainSub&mCode=13A030030000","사용","장애인 정당한 편의 기능 인증(우선구매대상지능정보화제품)","제공","제공","제공","부착","제공","미제공","제공","가능","2026-01-20 16:23:51"
"513","용강동주민센터","서울특별시 마포구 토정로31길 31(용강동)","용강동주민센터 입구","08:00 ","20:00 ","      ","      ","2021.4.1. 운영시간 변경","https://www.mapo.go.kr/site/main/content/mapo01010202","사용","장애인 정당한 편의 기능 인증(우선구매대상지능정보화제품)","제공","제공","제공","부착","제공","미제공","제공","가능","2026-01-20 13:02:05"
"406","황학동주민센터","서울특별시 중구 난계로11길 52, 황학동주민센터 (황학동)","옥외 부스","00:00 ","2400  ","00:00 ","2400  ","","http://www.junggu.seoul.kr/minwon/content.do?cmsid=13984","사용","장애인 정당한 편의 기능 인증(우선구매대상지능정보화제품)","제공","제공","제공","부착","제공","미제공","제공","가능","2026-08-31 00:08:55"
"512","신정3동주민센터_현장민원실","서울특별시 양천구 남부순환로88길 5-7(신정동)","1층 민원실","09:00 ","18:00 ","      ","      ","주말 및 휴일 이용불가","http://www.yangcheon.go.kr/site/yangcheon/01/10101040000002016081013.jsp","사용","장애인 편의 기능 포함(일반)","제공","제공","제공","부착","제공","미제공","제공","가능","2026-08-19 16:48:41"
"517","목2동주민센터2","서울특별시 양천구 목동중앙본로 120(목동)","목2동주민센터 1층 민원실 내(외부)","08:30 ","19:00 ","      ","      ","","http://www.yangcheon.go.kr/site/yangcheon/01/10101040000002016081013.jsp","사용","장애인 정당한 편의 기능 인증(우선구매대상지능정보화제품)","제공","제공","제공","부착","제공","미제공","제공","가능","2026-07-22 16:12:12"
"408","신길5동주민센터","서울특별시 영등포구 도림로 264(신길동)","본관 입구 왼쪽","00:00 ","2400  ","00:00 ","2400  ","일요일은 미운영","http://www.ydp.go.kr/main/page.do?mCode=A010010000","사용","장애인 정당한 편의 기능 인증(우선구매대상지능정보화제품)","제공","제공","제공","부착","제공","제공","제공","가능","2026-01-23 10:21:38"
"407","영등포동주민센터","서울특별시 영등포구 양산로 232, 영등포 공공복합시설 (영등포동2가)","영등포동 공공복합센터 2층","08:30 ","18:00 ","      ","      ","토,일,공휴일 휴무","http://www.ydp.go.kr/main/page.do?mCode=A010010000","사용","장애인 정당한 편의 기능 인증(우선구매대상지능정보화제품)","제공","제공","제공","부착","제공","제공","제공","가능","2026-01-23 10:20:15"
"404","여의동주민센터 2","서울특별시 영등포구 국제금융로 124(여의도동)","여의동주민센터 1층 출입구","08:00 ","19:00 ","      ","      ","토,일, 공휴일 휴무","http://www.ydp.go.kr/main/page.do?mCode=A010010000","사용","장애인 정당한 편의 기능 인증(우선구매대상지능정보화제품)","제공","제공","제공","부착","제공","제공","제공","가능","2026-01-23 10:18:07"
"506","신월4동주민센터","서울특별시 양천구 오목로5길 34(신월동)","신월4동주민센터 외부 부스","00:00 ","2400  ","00:00 ","2400  ","","http://www.yangcheon.go.kr/site/yangcheon/01/10101040000002016081013.jsp","사용","장애인 편의 기능 포함(일반)","제공","제공","제공","부착","제공","미제공","제공","불가능","2026-01-20 10:24:44"
"401","목1동주민센터1","서울특별시 양천구 목동서로 192(목동)[서울특별시 양천구 목동 919번지 3호]","목1동주민센터 민원실 외부","09:00 ","18:00 ","      ","      ","주말 및 휴일 이용불가","http://www.yangcheon.go.kr/site/yangcheon/01/10101040000002016081013.jsp","사용","","제공","제공","제공","부착","제공","제공","제공","가능","2026-01-19 16:13:01"
"520","소공동주민센터-3","서울특별시 중구 서소문로12길 36 (서소문동)","1층 로비","09:00 ","18:00 ","      ","      ","","http://www.junggu.seoul.kr","사용","장애인 정당한 편의 기능 인증(우선구매대상지능정보화제품)","제공","제공","제공","부착","제공","미제공","제공","가능","2026-08-31 16:49:01"
"511","광희동주민센터","서울특별시 중구 퇴계로 303-9, 광희동주민센터 (광희동1가)","옥외 부스","00:00 ","2400  ","00:00 ","2400  ","","http://www.junggu.seoul.kr/minwon/content.do?cmsid=13984","사용","장애인 정당한 편의 기능 인증(우선구매대상지능정보화제품)","제공","제공","제공","부착","제공","제공","제공","가능","2026-08-31 02:17:04"
"510","필동주민센터","서울특별시 중구 퇴계로36길 42, 필동주민센터 (필동2가)","옥외 부스","00:00 ","2400  ","00:00 ","2400  ","","http://www.junggu.seoul.kr/minwon/content.do?cmsid=13984","사용","장애인 정당한 편의 기능 인증(우선구매대상지능정보화제품)","제공","제공","제공","부착","제공","제공","제공","가능","2026-08-31 02:13:00"
"402","이대목동병원","서울특별시 양천구 안양천로 1071(목동)[911번지 1호]","이대목동병원1층 로비","00:00 ","2400  ","00:00 ","2400  ","","http://www.yangcheon.go.kr/site/yangcheon/01/10101040000002016081013.jsp","사용","장애인 편의 기능 포함(일반)","제공","제공","제공","부착","제공","미제공","제공","불가능","2026-07-13 08:50:20"
"411","남부지방법원","서울특별시 양천구 신월로 386(신정동)[서울특별시 양천구 신정동 323번지 남부지방법원]","2층 로비","09:00 ","18:00 ","      ","      ","주말 및 휴일 이용불가","http://www.yangcheon.go.kr/site/yangcheon/01/10101040000002016081013.jsp","사용","장애인 편의 기능 포함(일반)","제공","제공","제공","부착","제공","미제공","제공","불가능","2026-07-13 08:50:20"
"303","서울남부지방법원등기국","서울특별시 영등포구 경인로 772(문래동1가)","본관 무인민원발급기실 입구 좌측","09:00 ","18:00 ","      ","      ","토,일,공휴일 발급 불가","http://www.ydp.go.kr/main/page.do?mCode=A010010000","사용","장애인 정당한 편의 기능 인증(우선구매대상지능정보화제품)","제공","제공","제공","부착","제공","제공","제공","가능","2026-01-23 10:11:11"
"302","당산2동주민센터1","서울특별시 영등포구 당산로41가길 7(당산동4가)","본관 입구 1층 오른쪽","08:30 ","21:30 ","08:30 ","17:30 ","토요일만 가능 08:30~17:30","http://www.ydp.go.kr/main/page.do?mCode=A010010000","사용","장애인 정당한 편의 기능 인증(우선구매대상지능정보화제품)","제공","제공","제공","부착","제공","제공","제공","가능","2026-01-23 10:09:47"
"514","중부세무서","서울특별시 중구 퇴계로 170 (남학동)","중부세무서 1층 로비","09:00 ","18:00 ","      ","      ","","http://www.junggu.seoul.kr/minwon/content.do?cmsid=13984","사용","장애인 편의 기능 포함(일반)","제공","제공","제공","부착","제공","제공","제공","가능","2026-08-31 19:24:23"
"404","소공동-무인(1)","서울특별시 중구 서소문로12길 36 (서소문동)","2층 민원실","09:00 ","18:00 ","      ","      ","","http://www.junggu.seoul.kr/minwon/content.do?cmsid=13984","사용","장애인 편의 기능 포함(일반)","제공","제공","제공","부착","제공","제공","제공","가능","2026-08-31 19:16:11"
"513","신당동주민센터","서울특별시 중구 다산로33길 3, 신당동 공공복합청사 (신당동)","1층 로비","00:00 ","2400  ","00:00 ","2400  ","","http://www.junggu.seoul.kr/minwon/content.do?cmsid=13984","사용","장애인 정당한 편의 기능 인증(우선구매대상지능정보화제품)","제공","제공","제공","부착","제공","제공","제공","가능","2026-08-31 02:27:02"
"509","회현동주민센터","서울특별시 중구 퇴계로8길 46, 회현동주민센터 (회현동1가)","옥외 부스","00:00 ","2400  ","00:00 ","2400  ","","http://www.junggu.seoul.kr/minwon/content.do?cmsid=13984","사용","장애인 정당한 편의 기능 인증(우선구매대상지능정보화제품)","제공","제공","제공","부착","제공","제공","제공","가능","2026-08-31 02:10:25"
"509","신내데시앙포레","서울특별시 중랑구 신내역로 165(신내동)","신내우디안 2단지 아파트 관리사무소 내","09:00 ","18:00 ","      ","      ","","http://www.jungnang.go.kr/portal/main/contents.do?menuNo=200004","사용","장애인 정당한 편의 기능 인증(우선구매대상지능정보화제품)","제공","제공","제공","부착","제공","미제공","제공","가능","2026-08-21 10:09:40"
"403","종로5-6가동 주민센터","서울특별시 종로구 종로35가길 19(효제동)","2층 민원실 입구","09:00 ","18:00 ","      ","      ","토요일,일요일(주말),공휴일 휴무","http://www.jongno.go.kr/Main.do?menuId=1015&menuNo=1015","사용","장애인 편의 기능 포함(일반)","제공","제공","제공","부착","제공","미제공","제공","불가능","2026-01-22 17:41:44"
"526","경희궁 청사","서울특별시 종로구 새문안로 41, 경찰박물관 (신문로2가)","1층 로비","08:50 ","18:10 ","      ","      ","주말 정기 휴무","http://www.jongno.go.kr/Main.do?menuId=1015&menuNo=1015","사용","장애인 편의 기능 포함(일반)","제공","제공","제공","부착","제공","제공","제공","가능","2026-08-03 13:52:51"
"525","싱가폴대사관","서울특별시 종로구 종로1길 36, 종로구청 (수송동)","싱가포르대사관","00:00 ","2400  ","00:00 ","2400  ","","https://overseas.mofa.go.kr/waitingroom/main.html","사용","장애인 편의 기능 포함(일반)","제공","제공","제공","부착","제공","제공","제공","가능","2026-08-03 13:52:35"
"524","상하이영사관","서울특별시 종로구 종로1길 36, 종로구청 (수송동)","상하이영사관","00:00 ","2400  ","00:00 ","2400  ","","https://overseas.mofa.go.kr/waitingroom/main.html","사용","장애인 편의 기능 포함(일반)","제공","제공","제공","부착","제공","제공","제공","가능","2026-08-03 13:52:24"
"523","말레이시아대사관","서울특별시 종로구 종로1길 36, 종로구청 (수송동)","말레이시아영사관","00:00 ","2400  ","00:00 ","2400  ","","https://overseas.mofa.go.kr/waitingroom/main.html","사용","장애인 편의 기능 포함(일반)","제공","제공","제공","부착","제공","제공","제공","가능","2026-08-03 13:52:12"
"522","LA영사관2번","서울특별시 종로구 종로1길 36, 종로구청 (수송동)","LA영사관","00:00 ","2400  ","00:00 ","2400  ","","https://overseas.mofa.go.kr/waitingroom/main.html","사용","장애인 편의 기능 포함(일반)","제공","제공","제공","부착","제공","제공","제공","가능","2026-08-03 13:52:00"
"521","LA영사관1번","서울특별시 종로구 종로1길 36, 종로구청 (수송동)","LA영사관","00:00 ","2400  ","00:00 ","2400  ","","https://overseas.mofa.go.kr/waitingroom/main.html","사용","장애인 편의 기능 포함(일반)","제공","제공","제공","부착","제공","제공","제공","가능","2026-08-03 13:51:45"
"412","강동구 보건소","서울특별시 강동구 성내로 45(성내동)","로비 내","09:00 ","18:00 ","      ","      ","주말미운영","https://www.gangdong.go.kr/site/contents/koRenew/html00/html04/index04.html","사용","장애인 정당한 편의 기능 인증(우선구매대상지능정보화제품)","제공","제공","제공","부착","제공","제공","제공","가능","2026-07-01 09:11:46"
"527","혜화동 주민센터","서울특별시 종로구 혜화로 12, 혜화동주민센터 (혜화동)","민원실 내","09:00 ","18:00 ","      ","      ","","https://www.jongno.go.kr/Main.do?menuId=1015&menuNo=1015","사용","장애인 편의 기능 포함(일반)","제공","제공","제공","부착","제공","제공","제공","가능","2026-01-22 18:05:43"
"514","상봉망우신용협동조합망우지소","서울특별시 중랑구 용마산로 503, 상봉망우신용협동조합 망우지소 (망우동)","상봉망우신용협동조합 망우지소","06:00 ","23:00 ","06:00 ","23:00 ","","http://www.jungnang.go.kr/portal/main/contents.do?menuNo=200004","사용","장애인 정당한 편의 기능 인증(우선구매대상지능정보화제품)","제공","제공","제공","부착","제공","미제공","제공","가능","2026-08-27 14:31:35"
"513","망우역사","서울특별시 중랑구 망우로55길 11-10, 망우역 (상봉동)","망우역사 내","05:00 ","23:00 ","05:00 ","23:00 ","","http://www.jungnang.go.kr/portal/main/contents.do?menuNo=200004","사용","장애인 정당한 편의 기능 인증(우선구매대상지능정보화제품)","제공","제공","제공","부착","제공","미제공","제공","가능","2026-08-27 14:31:20"
"407","테크노마트","서울특별시 광진구 광나루로56길 85(구의동)","테크노마트상가동 지하1층 강변역 연결출입구 옆","05:00 ","02:00 ","05:00 ","02:00 ","05:00~익일02:00","https://www.gwangjin.go.kr/portal/main/contents.do?menuNo=200030","사용","장애인 정당한 편의 기능 인증(우선구매대상지능정보화제품)","제공","제공","제공","부착","제공","미제공","제공","가능","2026-07-31 09:22:12"
"404","아차산역","서울특별시 광진구 천호대로 657(능동)","지하철5호선 아차산역 3번출구 지하1층 대합실","05:00 ","01:00 ","05:00 ","2400  ","평일05:00~익일01:00, 주말/공휴일05:00~24:00","https://www.gwangjin.go.kr/portal/main/contents.do?menuNo=200030","사용","장애인 정당한 편의 기능 인증(우선구매대상지능정보화제품)","제공","제공","제공","부착","제공","미제공","제공","가능","2026-07-31 09:22:12"
"505","신월3동주민센터","서울특별시 양천구 남부순환로54길 5(신월동)","1층 민원실","09:00 ","18:00 ","      ","      ","주말 및 휴일 이용불가","http://www.yangcheon.go.kr/site/yangcheon/01/10101040000002016081013.jsp","사용","장애인 편의 기능 포함(일반)","제공","제공","제공","부착","제공","미제공","제공","불가능","2026-07-13 09:50:35"
"518","목1동주민센터2","서울특별시 양천구 목동서로 192(목동)","목1동주민센터 민원실 내부","09:00 ","18:00 ","00:00 ","2400  ","주말 및 휴일 이용불가","http://www.yangcheon.go.kr/site/yangcheon/01/10101040000002016081013.jsp","사용","","제공","제공","제공","부착","제공","제공","제공","가능","2026-01-19 16:13:01"
"502","목4동주민센터","서울특별시 양천구 목동중앙로 25(목동)","1층 민원실","09:00 ","18:00 ","      ","      ","주말 및 휴일 이용불가","http://www.yangcheon.go.kr/site/yangcheon/01/10101040000002016081013.jsp","사용","장애인 편의 기능 포함(일반)","제공","제공","제공","부착","제공","미제공","제공","불가능","2026-01-19 09:13:24"
"502","중앙우체국","서울특별시 중구 소공로 70, 서울중앙우체국청사 (충무로1가)","중앙우체국 1층 로비","00:00 ","2400  ","00:00 ","2400  ","","http://www.junggu.seoul.kr/minwon/content.do?cmsid=13984","사용","장애인 정당한 편의 기능 인증(우선구매대상지능정보화제품)","제공","제공","제공","부착","제공","미제공","제공","가능","2026-08-31 01:28:44"
"515","중화역","서울특별시 중랑구 동일로 지하 797, 중화역 (중화동)","지하 1층 3번 출구","05:00 ","23:00 ","05:00 ","23:00 ","","https://www.jungnang.go.kr/portal/main/contents.do?menuNo=200004","사용","장애인 정당한 편의 기능 인증(우선구매대상지능정보화제품)","제공","제공","제공","부착","제공","미제공","제공","가능","2026-08-27 14:31:49"
"212","창5동 주민센터","서울특별시 도봉구 도봉로136나길 20(창동)[서울특별시 도봉구 창동 224번지 41호]","민원실 내부","09:00 ","18:05 ","      ","      ","주말(공휴일) 미운영","http://www.dobong.go.kr/Contents.asp?code=10003644","사용","장애인 정당한 편의 기능 인증(우선구매대상지능정보화제품)","제공","제공","제공","부착","제공","제공","제공","가능","2026-08-05 13:52:09"
"411","중구청 민원여권과 앞","서울특별시 중구 창경궁로 17, 중구청청사 (예관동)","옥외 부스","00:00 ","2400  ","00:00 ","2400  ","","http://www.junggu.seoul.kr/minwon/content.do?cmsid=13984","사용","장애인 정당한 편의 기능 인증(우선구매대상지능정보화제품)","제공","제공","제공","부착","제공","미제공","제공","가능","2026-07-16 16:30:27"
"425","길음2동주민센터","서울특별시 성북구 삼양로2길 70(길음동)","청사내","08:30 ","18:00 ","      ","      ","","https://www.sb.go.kr/PageLink.do?link=forward:use/PageContent.do&tempParam1=&menuNo=01000000&subMenuNo=01040000&thirdMenuNo=01040100&fourthMenuNo=","사용","장애인 정당한 편의 기능 인증(우선구매대상지능정보화제품)","제공","제공","제공","부착","제공","미제공","제공","가능","2026-01-20 10:16:47"
"514","염리동주민센터","서울특별시 마포구 숭문길 14(염리동)","염리동주민센터 내","08:00 ","20:00 ","      ","      ","2021.4.1. 운영시간 변경","https://www.mapo.go.kr/site/main/content/mapo01010202","사용","장애인 정당한 편의 기능 인증(우선구매대상지능정보화제품)","제공","제공","제공","부착","제공","미제공","제공","가능","2026-01-20 09:33:00"
"407","신정4동주민센터","서울특별시 양천구 오목로34길 5(신정동)","2층 민원실","09:00 ","18:00 ","      ","      ","주말 및 휴일 이용불가","http://www.yangcheon.go.kr/site/yangcheon/01/10101040000002016081013.jsp","사용","장애인 정당한 편의 기능 인증(우선구매대상지능정보화제품)","제공","제공","제공","부착","제공","미제공","제공","가능","2026-01-20 08:45:29"
"518","마포구청2","서울특별시 마포구 월드컵로 212(성산동)[서울특별시 마포구 성산동 370번지]","마포구청 외부 정문쪽 24시간 부스","00:00 ","2400  ","00:00 ","2400  ","재기동 시간 : 오전 3시","https://www.mapo.go.kr/site/main/content/mapo01010202","사용","장애인 정당한 편의 기능 인증(우선구매대상지능정보화제품)","제공","제공","제공","부착","제공","미제공","제공","가능","2026-08-25 16:26:42"
"409","스타시티","서울특별시 광진구 아차산로 272(자양동)","스타시티 쇼핑몰 1층(4번게이트 입구)","07:00 ","2400  ","07:00 ","2400  ","운영시간07:00~24:00","https://www.gwangjin.go.kr/portal/main/contents.do?menuNo=200030","사용","장애인 정당한 편의 기능 인증(우선구매대상지능정보화제품)","제공","제공","제공","부착","제공","미제공","제공","가능","2026-07-31 09:22:12"
"403","군자역","서울특별시 광진구 천호대로 550(능동)","군자역 5,6번 출구 쪽『무인편의기기 통합설치공간 내(지하1층)』","05:00 ","01:00 ","05:00 ","2400  ","평일05:00~익일01:00, 주말/공휴일05:00~24:00","https://www.gwangjin.go.kr/portal/main/contents.do?menuNo=200030","사용","장애인 정당한 편의 기능 인증(우선구매대상지능정보화제품)","제공","제공","제공","부착","제공","미제공","제공","가능","2026-07-31 09:22:12"
"208","창1동 주민센터","서울특별시 도봉구 해등로 46, 창1동 주민센터 (창동)","민원실 내","09:00 ","18:00 ","      ","      ","주말(공휴일) 미운영","http://www.dobong.go.kr/Contents.asp?code=10003644","사용","장애인 정당한 편의 기능 인증(우선구매대상지능정보화제품)","제공","제공","제공","부착","제공","제공","제공","가능","2026-06-16 12:22:12"
"514","은평구민체육센터","서울특별시 은평구 진관1로 40(진관동)","1층 로비","06:00 ","22:00 ","06:00 ","20:00 ","일요일,공휴일 미운영","http://www.ep.go.kr/CmsWeb/viewPage.req?idx=PG0000000763","사용","장애인 정당한 편의 기능 인증(우선구매대상지능정보화제품)","제공","제공","제공","부착","제공","미제공","제공","가능","2026-01-26 15:01:03"
"516","등촌2동주민센터","서울특별시 강서구 등촌로 143, 등촌2동주민센터 (등촌동)","등촌2동주민센터 1층 민원실 입구 좌측","09:00 ","18:00 ","09:00 ","13:00 ","일,공휴일 운영 안함","https://www.gangseo.seoul.kr/gs0101071","사용","장애인 정당한 편의 기능 인증(우선구매대상지능정보화제품)","제공","제공","제공","부착","제공","미제공","제공","가능","2026-08-28 13:49:04"
"514","공항동 주민 센터","서울특별시 강서구 송정로 45(공항동)","공항동 주민센터 입구 우측 부스","00:00 ","2400  ","00:00 ","2400  ","","https://www.gangseo.seoul.kr/gs0101071","사용","장애인 정당한 편의 기능 인증(우선구매대상지능정보화제품)","제공","제공","제공","부착","제공","미제공","제공","가능","2026-08-28 13:49:04"
"512","등촌3동주민센터","서울특별시 강서구 화곡로63길 96(등촌동)","등촌3동주민센터 청사 밖","00:00 ","2400  ","00:00 ","2400  ","","https://www.gangseo.seoul.kr/gs0101071","사용","장애인 정당한 편의 기능 인증(우선구매대상지능정보화제품)","제공","제공","제공","부착","제공","미제공","제공","가능","2026-08-28 13:49:04"
"507","묵1동주민센터","서울특별시 중랑구 공릉로2가길 5(묵동)","묵1동주민센터 1층 민원실","09:00 ","18:00 ","      ","      ","주말휴무","http://www.jungnang.go.kr/portal/main/contents.do?menuNo=200004","사용","장애인 정당한 편의 기능 인증(우선구매대상지능정보화제품)","제공","제공","제공","부착","제공","미제공","제공","가능","2026-08-20 15:01:19"
"431","장위2동 주민센터","서울특별시 성북구 돌곶이로27길 12, 장위2동 주민센터 (장위동)","입구 왼쪽","08:30 ","18:00 ","      ","      ","","https://www.sb.go.kr/main/PageLink.do?link=forward:use/PageContent.do&menuNo=01000000&subMenuNo=01040000&thirdMenuNo=01040100&fourthMenuNo=","사용","장애인 정당한 편의 기능 인증(우선구매대상지능정보화제품)","제공","제공","제공","부착","제공","미제공","제공","가능","2026-07-02 13:55:49"
"518","시흥2동 주민센터","서울특별시 금천구 금하로 764(시흥동)","시흥2동 주민센터 로비 좌측","09:00 ","18:00 ","      ","      ","등기부등본, 가족관계등록서류 평일 09:00~18:00 이용","http://www.geumcheon.go.kr/html/048/048001005.html","사용","장애인 정당한 편의 기능 인증(우선구매대상지능정보화제품)","제공","제공","제공","부착","제공","미제공","제공","가능","2026-01-27 11:13:28"
"406","목5동주민센터","서울특별시 양천구 목동동로 375(목동)","1층 민원실","09:00 ","18:00 ","      ","      ","주말 및 휴일 이용불가","http://www.yangcheon.go.kr/site/yangcheon/01/10101040000002016081013.jsp","사용","","제공","제공","제공","부착","제공","제공","제공","가능","2025-01-20 19:59:02"
"510","서울대학병원","서울특별시 종로구 대학로 101(연건동)","대한외래병동 지하1층 비즈니스라운지","00:00 ","2400  ","00:00 ","2400  ","연중무휴","http://www.jongno.go.kr/Main.do?menuId=1015&menuNo=1015","사용","장애인 편의 기능 포함(일반)","제공","제공","제공","부착","제공","제공","제공","가능","2026-08-03 13:50:15"
"508","경복궁역","서울특별시 종로구 사직로 지하130, 3호선 경복궁역 (적선동)","민원실 외부","05:00 ","23:00 ","05:00 ","23:00 ","주말정기 휴무","http://www.jongno.go.kr/Main.do?menuId=1015&menuNo=1015","사용","장애인 정당한 편의 기능 인증(우선구매대상지능정보화제품)","제공","제공","제공","부착","제공","제공","제공","가능","2026-08-03 13:49:55"
"506","혜화역","서울특별시 종로구 대학로 120(명륜4가)[서울특별시 종로구 명륜4가 120번지]","고객서비스센터 앞","05:00 ","23:00 ","05:00 ","23:00 ","연중무휴","http://www.jongno.go.kr/Main.do?menuId=1015&menuNo=1015","사용","장애인 편의 기능 포함(일반)","제공","제공","제공","부착","제공","제공","제공","가능","2026-08-03 13:45:14"
"504","종각역","서울특별시 종로구 종로 55(공평동)[서울특별시 종로구 공평동 55번지]","고객서비스센터 앞","05:00 ","23:00 ","05:00 ","23:00 ","연중무휴","http://www.jongno.go.kr/Main.do?menuId=1015&menuNo=1015","사용","장애인 정당한 편의 기능 인증(우선구매대상지능정보화제품)","제공","제공","제공","부착","제공","제공","제공","가능","2026-08-03 13:44:44"
"509","종로구청 민원실3","서울특별시 종로구 종로1길 36, 대림빌딩 (수송동)","민원실 외부","00:00 ","2400  ","00:00 ","2400  ","연중무휴","http://www.jongno.go.kr/Main.do?menuId=1015&menuNo=1015","사용","장애인 정당한 편의 기능 인증(우선구매대상지능정보화제품)","제공","제공","제공","부착","제공","제공","제공","가능","2026-08-03 13:43:20"
"512","숭인2동 주민센터","서울특별시 종로구 종로65길 10(숭인동)[서울특별시 종로구 숭인동 10번지]","민원실 내","09:00 ","18:00 ","      ","      ","주말정기휴무","http://www.jongno.go.kr/Main.do?menuId=1015&menuNo=1015","사용","장애인 정당한 편의 기능 인증(우선구매대상지능정보화제품)","제공","제공","제공","부착","제공","제공","제공","가능","2026-01-22 17:51:33"
"507","청운효자동주민자치회관","서울특별시 종로구 자하문로19길 36(옥인동)[45번지 30호]","종로구보건소 좌측 주민자치회관 1층 입구","09:00 ","18:00 ","      ","      ","주말정기 휴무","http://www.jongno.go.kr/Main.do?menuId=1015&menuNo=1015","사용","장애인 정당한 편의 기능 인증(우선구매대상지능정보화제품)","제공","제공","제공","부착","제공","제공","제공","가능","2026-01-22 17:49:32"
"505","강북삼성병원","서울특별시 종로구 새문안로 29, 강북삼성병원 (평동)","C관 1층","00:00 ","2400  ","00:00 ","2400  ","연중무휴","http://www.jongno.go.kr/Main.do?menuId=1015&menuNo=1015","사용","장애인 편의 기능 포함(일반)","제공","제공","제공","부착","제공","제공","제공","가능","2026-08-03 13:45:01"
"436","정릉신협","서울특별시 성북구 보국문로 29, 정릉신협 (정릉동)","1층 출입구 좌측","07:00 ","23:00 ","07:00 ","23:00 ","","https://www.sb.go.kr/main/PageLink.do?link=forward:use/PageContent.do&menuNo=91000000&subMenuNo=91010000&thirdMenuNo=91010300&fourthMenuNo=","사용","장애인 정당한 편의 기능 인증(우선구매대상지능정보화제품)","제공","제공","제공","부착","제공","제공","제공","가능","2026-07-24 14:45:34"
"414","삼양사거리역","서울특별시 강북구 삼양로 197, 삼양사거리역 (미아동)","삼양사거리역 2번출구","06:00 ","2400  ","06:00 ","2400  ","","http://www.gangbuk.go.kr/www/contents.do?key=58","사용","장애인 정당한 편의 기능 인증(우선구매대상지능정보화제품)","제공","제공","제공","부착","제공","제공","제공","가능","2026-07-20 17:41:44"
"413","화계역","서울특별시 강북구 삼양로 341, 화계역 (수유동)","화계역 2번 출구","06:00 ","2400  ","06:00 ","2400  ","","http://www.gangbuk.go.kr/www/contents.do?key=58","사용","장애인 정당한 편의 기능 인증(우선구매대상지능정보화제품)","제공","제공","제공","부착","제공","제공","제공","가능","2026-07-20 17:41:26"
"403","갈현2동주민센터KIOSK","서울특별시 은평구 연서로27길 31-6(갈현동)[서울특별시 은평구 갈현동 502번지 3호]","갈현2동주민센터 내","08:00 ","19:00 ","      ","      ","토.일요일 및 공휴일 미운영","http://www.ep.go.kr/CmsWeb/viewPage.req?idx=PG0000000763","사용","장애인 정당한 편의 기능 인증(우선구매대상지능정보화제품)","제공","제공","제공","부착","제공","미제공","제공","가능","2026-07-01 10:51:18"
"406","수유(강북구청)역","서울특별시 강북구 도봉로 지하 338(수유동)[서울특별시 강북구 수유동 140번지]","수유역 6번 출구","06:00 ","23:55 ","06:00 ","23:55 ","","http://www.gangbuk.go.kr/www/contents.do?key=58","사용","장애인 정당한 편의 기능 인증(우선구매대상지능정보화제품)","제공","제공","제공","부착","제공","제공","제공","가능","2026-03-01 10:46:42"
"410","사당3동주민센터","서울특별시 동작구 사당로17길 86, 사당3동주민센터 (사당동)","1층 우측입구","00:00 ","2400  ","00:00 ","2400  ","","https://www.dongjak.go.kr/portal/main/contents.do?menuNo=200016","사용","장애인 정당한 편의 기능 인증(우선구매대상지능정보화제품)","제공","제공","제공","부착","제공","미제공","제공","가능","2026-09-03 17:36:24"
"507","우장산동주민센터","서울특별시 강서구 우현로 34(화곡동)","1층 자동문 앞","09:00 ","22:00 ","09:00 ","18:00 ","토요일 09:00~22:00, 일요일 09:00~18:00, 공휴일 운영 안함","https://www.gangseo.seoul.kr/gs0101071","사용","장애인 정당한 편의 기능 인증(우선구매대상지능정보화제품)","제공","제공","제공","부착","제공","미제공","제공","가능","2026-08-28 13:49:04"
"516","망원2동주민센터","서울특별시 마포구 방울내로7길 11(망원동)","망원2동주민센터 1층 입구","00:00 ","2400  ","00:00 ","2400  ","시스템 점검시간(오전2시~오전5시 제외)","https://www.mapo.go.kr/site/main/content/mapo01010202","사용","장애인 정당한 편의 기능 인증(우선구매대상지능정보화제품)","제공","제공","제공","부착","제공","미제공","제공","가능","2026-08-18 10:55:47"
"531","지하철 2호선 성수역","서울특별시 성동구 아차산로 100, 성수역 (성수동2가)","1번출구 방향","05:00 ","02:00 ","05:00 ","02:00 ","지하철 운영시간","http://www.sd.go.kr/sd/main.do?op=mainSub&mCode=13A030030000","사용","장애인 정당한 편의 기능 인증(우선구매대상지능정보화제품)","제공","제공","제공","부착","제공","미제공","제공","가능","2026-07-31 15:39:15"
"430","광나루역","서울특별시 광진구 아차산로 지하571, 광나루역5호선 (광장동)","1, 2번출구쪽 지하1층","05:00 ","01:00 ","05:00 ","2400  ","평일05:00~익일01:00, 주말/공휴일05:00~24:00","https://www.gwangjin.go.kr/portal/main/contents.do?menuNo=200030","사용","장애인 정당한 편의 기능 인증(우선구매대상지능정보화제품)","제공","제공","제공","부착","제공","미제공","제공","가능","2026-07-31 09:22:12"
"508","둔촌1동주민센터","서울특별시 강동구 양재대로84길 31 (둔촌동)","1층 민원실 내부","09:00 ","18:00 ","      ","      ","","https://www.gangdong.go.kr/web/newportal/contents/gdp_001_005_004","사용","장애인 정당한 편의 기능 인증(우선구매대상지능정보화제품)","제공","제공","제공","부착","제공","미제공","제공","가능","2026-04-15 18:12:04"
"515","을지로입구역","서울특별시 중구 을지로 지하42, 을지로입구역 2호선 (을지로1가)","1번출구와 1-1번출구 사이 개찰구 물품보관소 옆","05:00 ","2400  ","05:00 ","2400  ","","http://www.junggu.seoul.kr/minwon/content.do?cmsid=13984","사용","장애인 편의 기능 포함(일반)","제공","제공","제공","부착","제공","제공","제공","가능","2026-08-31 19:19:22"
"408","약수동주민센터","서울특별시 중구 다산로 92, 약수동주민센터 (신당동)","옥외 부스","00:00 ","2400  ","00:00 ","2400  ","","http://www.junggu.seoul.kr/minwon/content.do?cmsid=13984","사용","장애인 정당한 편의 기능 인증(우선구매대상지능정보화제품)","제공","제공","제공","부착","제공","미제공","제공","가능","2026-08-31 00:16:07"
"101","종로구청 부동산정보과1","서울특별시 종로구 종로1길 50, 더케이트윈타워 B동 5층 (중학동)","민원실외부","09:00 ","18:00 ","      ","      ","주말정기 휴무","http://www.jongno.go.kr/Main.do?menuId=1015&menuNo=1015","사용","장애인 정당한 편의 기능 인증(우선구매대상지능정보화제품)","제공","제공","제공","부착","제공","제공","제공","가능","2026-08-07 13:29:00"
"502","종로구청 민원실1","서울특별시 종로구 종로1길 50, 더케이트윈타워 5층 (중학동)","민원실 외부","09:00 ","18:00 ","      ","      ","주말정기 휴무","http://www.jongno.go.kr/Main.do?menuId=1015&menuNo=1015","사용","장애인 정당한 편의 기능 인증(우선구매대상지능정보화제품)","제공","제공","제공","부착","제공","제공","제공","가능","2026-08-03 13:44:29"
"103","종로구청 상황실","서울특별시 종로구 종로1길 50, 더케이트윈타워 5층 (중학동)","종로구청 상황실","00:00 ","2400  ","00:00 ","2400  ","연중무휴","http://www.jongno.go.kr/Main.do?menuId=1015&menuNo=1015","사용","장애인 정당한 편의 기능 인증(우선구매대상지능정보화제품)","제공","제공","제공","부착","제공","제공","제공","가능","2026-08-03 13:44:07"
"201","쌍문1동 주민센터","서울특별시 도봉구 노해로 147(쌍문동)[서울특별시 도봉구 쌍문동 378번지 45호]","민원실 내부","09:00 ","18:00 ","      ","      ","주말(공휴일) 미운영","http://www.dobong.go.kr/Contents.asp?code=10003644","사용","장애인 정당한 편의 기능 인증(우선구매대상지능정보화제품)","제공","제공","제공","부착","제공","제공","제공","가능","2026-08-12 16:48:48"
"512","논현2동주민센터2","서울특별시 강남구 학동로43길 17(논현동)[서울특별시 강남구 논현동 114번지 24호 논현2동주민센터]","논현2동 주민센터 1층 무인민원발급창구","00:00 ","2400  ","00:00 ","2400  ","365일 24시간 운영","http://www.gangnam.go.kr/contents/dispenser/1/view.do?mid=FM010103","사용","장애인 정당한 편의 기능 인증(우선구매대상지능정보화제품)","제공","제공","제공","부착","제공","제공","제공","가능","2026-08-03 10:13:43"
"421","자양2동주민센터","서울특별시 광진구 자양로3가길 26(자양동)","자양2동주민센터 2층 민원실 앞","09:00 ","20:30 ","      ","      ","주말 및 공휴일 발급불가","https://www.gwangjin.go.kr/portal/main/contents.do?menuNo=200030","사용","장애인 정당한 편의 기능 인증(우선구매대상지능정보화제품)","제공","제공","제공","부착","제공","미제공","제공","가능","2026-04-21 10:04:19"
"517","낙성대동주민센터","서울특별시 관악구 낙성대로4가길 5, 낙성대동주민센터 (봉천동)","주민센터내","09:00 ","18:00 ","      ","      ","","http://www.gwanak.go.kr/site/gwanak/03/10301040000002016051203.jsp","사용","장애인 편의 기능 포함(일반)","제공","제공","제공","부착","제공","미제공","제공","가능","2026-01-29 09:59:53"
"515","불광역","서울특별시 은평구 통일로 지하 723-1(대조동)","불광역 5번 출구","06:00 ","2400  ","06:00 ","2400  ","","http://www.ep.go.kr/CmsWeb/viewPage.req?idx=PG0000000763","사용","장애인 정당한 편의 기능 인증(우선구매대상지능정보화제품)","제공","제공","제공","부착","제공","미제공","제공","가능","2026-01-26 17:10:50"
"502","연신내역","서울특별시 은평구 통일로 지하 849(갈현동)[서울특별시 은평구 갈현동 397번지]","지하철3호선 6번출구","06:00 ","2400  ","06:00 ","2400  ","","http://www.ep.go.kr/CmsWeb/viewPage.req?idx=PG0000000763","사용","장애인 정당한 편의 기능 인증(우선구매대상지능정보화제품)","제공","제공","제공","부착","제공","미제공","제공","가능","2026-01-26 17:09:45"
"518","응암역","서울특별시 은평구 증산로 지하 477, 6호선 응암역사무소 중층 (신사동)","지하 중층 2번 출구 방향","06:00 ","2400  ","06:00 ","2400  ","연중무휴","http://www.ep.go.kr/CmsWeb/viewPage.req?idx=PG0000000763","사용","장애인 정당한 편의 기능 인증(우선구매대상지능정보화제품)","제공","제공","제공","부착","제공","미제공","제공","가능","2026-01-26 15:09:56"
"413","반포3동주민센터","서울특별시 서초구 신반포로23길 78, 반포3동주민센터 (잠원동)","1층 출입문","00:00 ","2400  ","00:00 ","2400  ","","http://www.seocho.go.kr/site/seocho/01/10101050000002015070109.jsp","사용","장애인 정당한 편의 기능 인증(우선구매대상지능정보화제품)","제공","제공","제공","부착","제공","미제공","제공","가능","2026-07-20 16:45:42"
"417","천호1동주민센터","서울특별시 강동구 구천면로42길 59, 천호1동주민센터 (천호동)","구립천일방과후어린이집 오른편","00:00 ","2400  ","00:00 ","2400  ","365일 24시간 운영","https://www.gangdong.go.kr/site/contents/koRenew/html00/html04/index04.html","사용","장애인 정당한 편의 기능 인증(우선구매대상지능정보화제품)","제공","제공","제공","부착","제공","미제공","제공","가능","2026-07-19 17:09:17"
"419","광장동주민센터","서울특별시 광진구 광장로 52(광장동)","광장동주민센터","08:00 ","18:00 ","      ","      ","주말 및 공휴일 발급불가","https://www.gwangjin.go.kr/portal/main/contents.do?menuNo=200030","사용","장애인 정당한 편의 기능 인증(우선구매대상지능정보화제품)","제공","제공","제공","부착","제공","미제공","제공","가능","2026-04-21 10:03:46"
"101","연남동주민센터","서울특별시 마포구 성미산로29길 17-9(연남동)[서울특별시 마포구 연남동 250번지 9호]","입구","08:00 ","20:00 ","      ","      ","2021.4.1. 운영시간 변경 / 2021.2.1.DMC기기로 교체","https://www.mapo.go.kr/site/main/content/mapo01010202","사용","장애인 정당한 편의 기능 인증(우선구매대상지능정보화제품)","제공","제공","제공","부착","제공","미제공","제공","가능","2026-03-24 10:54:23"
"420","성내2동주민센터","서울특별시 강동구 천호대로 1050, 2층 (성내동, 그란츠 리버파크)","민원실 내부","09:00 ","18:00 ","      ","      ","주말, 국경일 및 법정공휴일 발급불가","https://www.gangdong.go.kr/site/contents/koRenew/html00/html04/index04.html","사용","장애인 정당한 편의 기능 인증(우선구매대상지능정보화제품)","제공","제공","제공","부착","제공","미제공","제공","가능","2026-03-19 10:51:31"
"509","천호2동주민센터","서울특별시 강동구 올림픽로78길 60, 천호2동주민센터 (천호동)","주민센터 입구내","08:30 ","18:30 ","      ","      ","","https://www.gangdong.go.kr/web/newportal/contents/gdp_001_005_004","사용","장애인 정당한 편의 기능 인증(우선구매대상지능정보화제품)","제공","제공","제공","부착","제공","미제공","제공","가능","2026-03-19 10:50:35"
"513","화곡4동주민센터","서울특별시 강서구 곰달래로57가길 26(화곡동)[서울특별시 강서구 화곡동 809번지 3호]","화곡4동 주민센터 외부 부스","00:00 ","2400  ","00:00 ","2400  ","","https://www.gangseo.seoul.kr/gs0101071","사용","장애인 정당한 편의 기능 인증(우선구매대상지능정보화제품)","제공","제공","제공","부착","제공","미제공","제공","가능","2026-08-28 13:49:04"
"401","노원문화원","서울특별시 노원구 동일로197길 24(공릉동, 노원문화원)","1층 입구","09:00 ","18:00 ","      ","      ","주말 및 공휴일 휴무","https://www.nowon.kr/www/minwon/minwon1/minwon1_04.jsp","사용","장애인 정당한 편의 기능 인증(우선구매대상지능정보화제품)","제공","제공","제공","부착","제공","미제공","제공","가능","2026-08-21 10:13:32"
"150","대치2동주민센터","서울특별시 강남구 영동대로65길 24(대치동)[서울특별시 강남구 대치동 980번지 9호]","대치2동주민센터 1층 민원실 내부","08:30 ","18:30 ","      ","      ","토, 일요일 및 공휴일 발급 불가","http://www.gangnam.go.kr/contents/dispenser/1/view.do?mid=FM010103","사용","장애인 정당한 편의 기능 인증(우선구매대상지능정보화제품)","제공","제공","제공","부착","제공","제공","제공","가능","2026-08-04 11:09:12"
"407","방배3동주민센터","서울특별시 서초구 방배로 40(방배동, 방배3동주민센터)","1층","00:00 ","2400  ","00:00 ","2400  ","야간, 주말 및 공휴일 등 근무시간 외에는 이용 불가","http://www.seocho.go.kr/site/seocho/01/10101050000002015070109.jsp","사용","장애인 정당한 편의 기능 인증(우선구매대상지능정보화제품)","제공","제공","제공","부착","제공","미제공","제공","가능","2026-07-21 14:23:58"
"507","구로2동 주민센터 1층","서울특별시 구로구 구로동로 141, 구로청소년수련관, 구로2동주민센터 1층 (구로동)","1층 로비","00:00 ","2400  ","00:00 ","2400  ","","https://www.guro.go.kr/www/contents.do;jsessionid=2B2734DF1E4BDABE4C4C17EA2A087147.3c9fdff513c606261?key=1625&","사용","장애인 정당한 편의 기능 인증(우선구매대상지능정보화제품)","제공","제공","제공","부착","제공","미제공","제공","가능","2026-07-13 17:30:27"
"508","대치1동주민센터","서울특별시 강남구 남부순환로391길 19(대치동)[서울특별시 강남구 대치동 646번지 2호]","대치1동주민센터 옥외 무인민원발급창구","00:00 ","2400  ","00:00 ","2400  ","365일 24시간 운영","http://www.gangnam.go.kr/contents/dispenser/1/view.do?mid=FM010103","사용","장애인 정당한 편의 기능 인증(우선구매대상지능정보화제품)","제공","제공","제공","부착","제공","제공","제공","가능","2026-03-11 09:17:34"
"518","화곡보건분소","서울특별시 강서구 월정로30길 96, 강서구보건소화곡분소 (화곡동)","외부 부스","00:00 ","2400  ","00:00 ","2400  ","","https://www.gangseo.seoul.kr/gs0101071","사용","장애인 편의 기능 포함(일반)","제공","제공","제공","부착","제공","미제공","제공","불가능","2026-08-28 13:49:04"
"509","화곡1동주민센터","서울특별시 강서구 곰달래로 79(화곡동)","민원실내","08:00 ","21:00 ","09:00 ","13:00 ","일,공휴일 이용 불가","https://www.gangseo.seoul.kr/gs0101071","사용","장애인 정당한 편의 기능 인증(우선구매대상지능정보화제품)","제공","제공","제공","부착","제공","미제공","제공","가능","2026-08-28 13:49:04"
"505","우이동주민센터","서울특별시 강북구 삼양로139길 49, 우이동 주민센터, 환경미화원후생관 (수유동)","민원실 내 출입구 좌측","09:00 ","18:00 ","      ","      ","","http://www.gangbuk.go.kr/www/contents.do?key=58","사용","장애인 정당한 편의 기능 인증(우선구매대상지능정보화제품)","제공","제공","제공","부착","제공","미제공","제공","가능","2026-08-20 17:35:01"
"403","공덕역","서울특별시 마포구 마포대로 지하 100(공덕동)[서울특별시 마포구 공덕동 423번지 29호]","[공덕역(5,6호선) 내 2번출구 방향 편의점 맞은편]","05:00 ","01:00 ","05:00 ","2400  ","","https://www.mapo.go.kr/site/main/content/mapo01010202","사용","장애인 정당한 편의 기능 인증(우선구매대상지능정보화제품)","제공","제공","제공","부착","제공","미제공","제공","가능","2026-08-18 14:35:06"
"415","은평성모병원","서울특별시 은평구 통일로 1021 (진관동)","은평성모병원 본관 1층 안내데스크 옆","00:00 ","2400  ","00:00 ","2400  ","","https://www.ep.go.kr/CmsWeb/viewPage.req?idx=PG0000000763","사용","장애인 정당한 편의 기능 인증(우선구매대상지능정보화제품)","제공","제공","제공","부착","제공","미제공","제공","가능","2026-02-04 17:02:26"
"519","난향동주민센터","서울특별시 관악구 난곡로 67, 난향동주민센터 (신림동)","주민센터내","09:00 ","18:00 ","      ","      ","","http://www.gwanak.go.kr/site/gwanak/03/10301040000002016051203.jsp","사용","장애인 정당한 편의 기능 인증(우선구매대상지능정보화제품)","제공","제공","제공","부착","제공","제공","제공","가능","2026-01-29 10:00:25"
"109","화곡3동 무인민원발급기","서울특별시 강서구 강서로33가길 17, 화곡3동주민센터 (화곡동)","1층 민원실입구 좌측","09:00 ","18:00 ","      ","      ","일,공휴일 운영 안함","https://www.gangseo.seoul.kr/gs0101071","사용","장애인 정당한 편의 기능 인증(우선구매대상지능정보화제품)","제공","제공","제공","부착","제공","미제공","제공","가능","2026-08-28 13:49:04"
"432","회기동주민센터","서울특별시 동대문구 회기로25길 12-1(회기동)","청사내","09:00 ","18:00 ","      ","      ","주말휴무","http://www.ddm.go.kr/civil/multiCivilNoPeople.jsp","사용","장애인 정당한 편의 기능 인증(우선구매대상지능정보화제품)","제공","제공","제공","부착","제공","제공","제공","가능","2026-07-31 16:56:20"
"430","래미안전농크레시티","서울특별시 동대문구 사가정로 65(전농동, 래미안전농크레시티)","래미안전농크레시티 204동 1층 관리사무소 앞","06:00 ","23:00 ","06:00 ","23:00 ","","http://www.ddm.go.kr/civil/multiCivilNoPeople.jsp","사용","장애인 정당한 편의 기능 인증(우선구매대상지능정보화제품)","제공","제공","제공","부착","제공","제공","제공","가능","2026-07-31 16:55:41"
"515","개봉3동주민센터","서울특별시 구로구 개봉로3길 47-5(개봉동)","민원실","09:00 ","18:00 ","      ","      ","주말(공휴일) 이용 불가","https://www.guro.go.kr/www/contents.do;jsessionid=2B2734DF1E4BDABE4C4C17EA2A087147.3c9fdff513c606261?key=1625&","사용","장애인 편의 기능 포함(일반)","제공","제공","제공","부착","제공","미제공","제공","불가능","2026-07-13 14:05:45"
"522","금천세무서","서울특별시 금천구 시흥대로 315, 금천롯데캐슬골드파크4차 3층 (독산동)","금천세무서","09:00 ","18:00 ","      ","      ","가족관계등록서류 평일 09:00~18:00 이용","http://www.geumcheon.go.kr/html/048/048001005.html","사용","장애인 정당한 편의 기능 인증(우선구매대상지능정보화제품)","제공","제공","제공","부착","제공","미제공","제공","가능","2026-01-27 14:41:07"
"207","방학3동주민센터","서울특별시 도봉구 시루봉로 94(방학동)","민원실 내부","09:00 ","18:00 ","      ","      ","주말(공휴일) 미운영","http://www.dobong.go.kr/Contents.asp?code=10003644","사용","장애인 정당한 편의 기능 인증(우선구매대상지능정보화제품)","제공","제공","제공","부착","제공","제공","제공","가능","2026-01-27 14:34:18"
"519","반포세무서","서울특별시 서초구 방배로 163(방배동)[서울특별시 서초구 방배동 874번지 4호]","1층 로비","09:00 ","18:00 ","      ","      ","야간, 주말 및 공휴일 등 근무시간 외에는 이용 불가","http://www.seocho.go.kr/site/seocho/01/10101050000002015070109.jsp","사용","장애인 정당한 편의 기능 인증(우선구매대상지능정보화제품)","제공","제공","제공","부착","제공","미제공","제공","가능","2026-01-26 18:47:01"
"516","양천구청_민원실2","서울특별시 양천구 목동동로 105(신정동)[서울특별시 양천구 신정동 321번지 4호]","1층 현관","00:00 ","2400  ","00:00 ","2400  ","","http://www.yangcheon.go.kr/site/yangcheon/01/10101040000002016081013.jsp","사용","장애인 편의 기능 포함(일반)","제공","제공","제공","부착","제공","미제공","제공","불가능","2026-07-13 08:50:20"
"410","새마을금고_신오","서울특별시 양천구 목동남로4길 26(신정동)[서울특별시 양천구 신정동 175번지 6호]","1층사무실","09:00 ","16:00 ","      ","      ","주말 및 휴일 이용불가","http://www.yangcheon.go.kr/site/yangcheon/01/10101040000002016081013.jsp","사용","장애인 편의 기능 포함(일반)","제공","제공","제공","부착","제공","미제공","제공","불가능","2026-07-13 08:50:20"
"517","성산1동주민센터","서울특별시 마포구 성산로4길 15(성산동)[서울특별시 마포구 성산동 275번지 3호]","1층 민원실","08:00 ","20:00 ","      ","      ","2021.4.1. 운영시간 변경","https://www.mapo.go.kr/site/main/content/mapo01010202","사용","장애인 정당한 편의 기능 인증(우선구매대상지능정보화제품)","제공","제공","제공","부착","제공","미제공","제공","가능","2026-03-24 11:07:28"
"405","망원1동주민센터","서울특별시 마포구 포은로6길 10(망원동)[서울특별시 마포구 망원동 403번지 2호]","망원1동 주민센터 입구","08:00 ","20:00 ","      ","      ","2021.4.1. 운영시간 변경","https://www.mapo.go.kr/site/main/content/mapo01010202","사용","장애인 정당한 편의 기능 인증(우선구매대상지능정보화제품)","제공","제공","제공","부착","제공","미제공","제공","가능","2026-03-24 10:58:21"
"412","진관동주민센터2","서울특별시 은평구 진관2로 31(진관동)","진관동 주민센터 1층 민원실 입구","08:00 ","19:00 ","      ","      ","토.일요일 및 공휴일 미운영","http://www.ep.go.kr/CmsWeb/viewPage.req?idx=PG0000000763","사용","장애인 정당한 편의 기능 인증(우선구매대상지능정보화제품)","제공","제공","제공","부착","제공","미제공","제공","가능","2026-03-10 17:20:46"
"521","시흥5동 주민센터","서울특별시 금천구 금하로24길 6, 시흥5동 복합청사 (시흥동)","시흥5동 주민센터 1층 로비","09:00 ","18:00 ","      ","      ","등기부등본, 가족관계등록서류 평일 09:00~18:00 이용","http://www.geumcheon.go.kr/html/048/048001005.html","사용","장애인 정당한 편의 기능 인증(우선구매대상지능정보화제품)","제공","제공","제공","부착","제공","미제공","제공","가능","2026-01-27 11:19:37"
"508","가락2동주민센터","서울특별시 송파구 중대로20길 6, 가락2동주민센터 (가락동)","1층 민원실 내부","09:00 ","18:00 ","      ","      ","","https://www.songpa.go.kr/www/contents.do?key=2027&","사용","장애인 정당한 편의 기능 인증(우선구매대상지능정보화제품)","제공","제공","제공","부착","제공","미제공","제공","가능","2026-08-21 16:52:19"
"513","아산병원 서관","서울특별시 송파구 올림픽로43길 88(풍납동)","서울아산병원 서관 응급실옆","00:00 ","2400  ","00:00 ","2400  ","365일 24시간(03:30~04:10 시스템운영점검 일시중단)","https://www.songpa.go.kr/www/contents.do?key=2027&","사용","장애인 정당한 편의 기능 인증(우선구매대상지능정보화제품)","제공","제공","제공","부착","제공","미제공","제공","가능","2026-07-23 16:05:48"
"521","삼성동주민센터","서울특별시 관악구 호암로 589, 삼성동주민센터 (신림동)","주민센터내","09:00 ","18:00 ","      ","      ","","http://www.gwanak.go.kr/site/gwanak/03/10301040000002016051203.jsp","사용","장애인 편의 기능 포함(일반)","제공","제공","제공","부착","제공","미제공","제공","가능","2026-07-21 14:05:53"
"410","천호3동주민센터","서울특별시 강동구 진황도로23길 7 (천호동)","2층 민원실 입구","09:00 ","18:00 ","      ","      ","주말, 국경일 및 법정공휴일 발급불가","https://www.gangdong.go.kr/site/contents/koRenew/html00/html04/index04.html","사용","장애인 정당한 편의 기능 인증(우선구매대상지능정보화제품)","제공","제공","제공","부착","제공","미제공","제공","가능","2026-03-19 10:51:00"
"515","중앙동주민센터","서울특별시 관악구 양녕로6다길 7, 중앙동주민센터 1층 (봉천동)","주민센터 내","09:00 ","18:00 ","      ","      ","","http://www.gwanak.go.kr/site/gwanak/03/1030104000000201651203.jsp","사용","장애인 편의 기능 포함(일반)","제공","제공","제공","부착","제공","미제공","제공","가능","2026-01-29 09:48:49"
"516","청림동주민센터","서울특별시 관악구 관악로40길 39, 청림동 주민센터 2층 (봉천동)","2층 주민센터 내","09:00 ","18:00 ","      ","      ","","http://www.gwanak.go.kr/site/gwanak/03/10301040000002016051203.jsp","사용","장애인 편의 기능 포함(일반)","제공","제공","제공","부착","제공","미제공","제공","가능","2026-01-29 09:48:39"
"511","중랑경찰서","서울특별시 중랑구 신내역로3길 40-10(신내동)[서울특별시 중랑구 신내동 810번지]","중랑경찰서 민원대기실 1층 로비","00:00 ","2400  ","00:00 ","2400  ","","http://www.jungnang.go.kr/portal/main/contents.do?menuNo=200004","사용","장애인 정당한 편의 기능 인증(우선구매대상지능정보화제품)","제공","제공","제공","부착","제공","미제공","제공","가능","2026-09-02 09:55:45"
"519","상봉역","서울특별시 중랑구 망우로 297, 상봉역 (상봉동)","경춘선 라인 고객대기실 내부","06:00 ","23:00 ","06:00 ","23:00 ","상봉역사 운영시만 가능","https://www.jungnang.go.kr/portal/main/contents.do?menuNo=200004","사용","장애인 정당한 편의 기능 인증(우선구매대상지능정보화제품)","제공","제공","제공","부착","제공","미제공","제공","가능","2026-08-27 14:32:10"
"517","망우마중 마을활력소","서울특별시 중랑구 용마산로 461(망우동)","망우마중 마을활력소 3층","09:00 ","18:00 ","      ","      ","","https://www.jungnang.go.kr/portal/main/contents.do?menuNo=200004","사용","장애인 정당한 편의 기능 인증(우선구매대상지능정보화제품)","제공","제공","제공","부착","제공","미제공","제공","가능","2026-08-27 14:32:03"
"516","국민건강보험 중랑지사","서울특별시 중랑구 면목로 310, 8층 (면목동)","국민건강보험중랑지사(8층)","09:00 ","18:00 ","      ","      ","","https://www.jungnang.go.kr/portal/main/contents.do?menuNo=200004","사용","장애인 정당한 편의 기능 인증(우선구매대상지능정보화제품)","제공","제공","제공","부착","제공","미제공","제공","가능","2026-08-27 14:31:57"
"510","중랑세무서","서울특별시 중랑구 망우로 176(망우동)","중랑세무서 1층 로비","09:00 ","18:00 ","      ","      ","","http://www.jungnang.go.kr/portal/main/contents.do?menuNo=200004","사용","장애인 정당한 편의 기능 인증(우선구매대상지능정보화제품)","제공","제공","제공","부착","제공","미제공","제공","가능","2026-08-27 14:31:06"
"407","진관동주민센터 KIOSK","서울특별시 은평구 진관2로 31(진관동)[서울특별시 은평구 진관동 78번지]","진관동 주민센터 1층 민원실 입구","08:00 ","19:00 ","      ","      ","토.일요일 및 공휴일 미운영","http://www.ep.go.kr/CmsWeb/viewPage.req?idx=PG0000000763","사용","장애인 정당한 편의 기능 인증(우선구매대상지능정보화제품)","제공","제공","제공","부착","제공","미제공","제공","가능","2026-08-19 19:33:00"
"415","상일2동주민센터","서울특별시 강동구 상일로6길 51, 다올빌딩 1층 (상일동)","동주민센터 입구","00:00 ","2400  ","00:00 ","2400  ","","https://www.gangdong.go.kr/site/contents/koRenew/html00/html04/index04.html","사용","장애인 정당한 편의 기능 인증(우선구매대상지능정보화제품)","제공","제공","제공","부착","제공","미제공","제공","가능","2026-07-19 17:08:38"
"403","중계2.3동 주민센터","서울특별시 노원구 노원로17길 56(중계동)","중계2,3동 주민센터 1층 민원실 내","09:00 ","18:00 ","      ","      ","주말 및 공휴일 휴무","https://www.nowon.kr/www/minwon/minwon1/minwon1_04.jsp","사용","장애인 정당한 편의 기능 인증(우선구매대상지능정보화제품)","제공","제공","제공","부착","제공","미제공","제공","가능","2026-08-21 11:01:51"
"505","망우본동주민센터","서울특별시 중랑구 망우로67길 10(망우동, 망우본동 복합청사)","망우본동주민센터 1층 민원실 앞","09:00 ","18:00 ","      ","      ","주말휴무","http://www.jungnang.go.kr/portal/main/contents.do?menuNo=200004","사용","장애인 정당한 편의 기능 인증(우선구매대상지능정보화제품)","제공","제공","제공","부착","제공","미제공","제공","가능","2026-08-20 16:53:18"
"407","강북구청 민원실","서울특별시 강북구 덕릉로 138, 창강빌딩 (번동)","1층 민원여권과 민원실 입구 좌측","09:00 ","18:00 ","      ","      ","주말(공휴일) 휴무","http://www.gangbuk.go.kr/www/contents.do?key=58","사용","장애인 정당한 편의 기능 인증(우선구매대상지능정보화제품)","제공","제공","제공","부착","제공","제공","제공","가능","2026-07-20 17:40:51"
"505","응암제3동주민센 KIOSK","서울특별시 은평구 불광천길 410-17(응암동)[서울특별시 은평구 응암동 583번지 22호]","응암3동주민센터 내","08:00 ","19:00 ","      ","      ","토.일요일 및 공휴일 미운영","http://www.ep.go.kr/CmsWeb/viewPage.req?idx=PG0000000763","사용","장애인 정당한 편의 기능 인증(우선구매대상지능정보화제품)","제공","제공","제공","부착","제공","미제공","제공","가능","2026-05-08 09:33:13"
"537","도림신협","서울특별시 영등포구 신길로 149(신길동)","365 코너","07:00 ","22:30 ","07:00 ","22:30 ","","https://www.ydp.go.kr/www/contents.do?key=2679&","사용","장애인 정당한 편의 기능 인증(우선구매대상지능정보화제품)","제공","제공","제공","부착","제공","미제공","제공","가능","2026-01-23 11:23:09"
"534","신길4동주민센터","서울특별시 영등포구 신길로42길 1, 신길4동 공공복합청사 (신길동)","1층 좌측 출입구","00:00 ","2400  ","00:00 ","2400  ","","https://www.ydp.go.kr/www/contents.do?key=2679&","사용","장애인 정당한 편의 기능 인증(우선구매대상지능정보화제품)","제공","제공","제공","부착","제공","미제공","제공","가능","2026-01-23 11:22:23"
"404","신월5동주민센터","서울특별시 양천구 화곡로4길 10(신월동)","신월5동주민센터 외부 부스","00:00 ","2400  ","00:00 ","2400  ","","http://www.yangcheon.go.kr/site/yangcheon/01/10101040000002016081013.jsp","사용","","제공","제공","제공","부착","제공","미제공","제공","가능","2025-04-17 15:14:48"
"108","사당2동주민센터","서울특별시 동작구 동작대로29길 52, 사당2동 주민센터 (사당동)","1층 우측입구","08:00 ","19:00 ","      ","      ","","https://www.dongjak.go.kr/portal/main/contents.do?menuNo=200016","사용","장애인 정당한 편의 기능 인증(우선구매대상지능정보화제품)","제공","제공","제공","부착","제공","미제공","제공","가능","2026-07-23 10:14:52"
"508","녹번동주민센터2","서울특별시 은평구 은평로 195(녹번동)","녹번동주민센터 1층 민원실 입구 우측","08:00 ","19:00 ","      ","      ","토.일요일 및 공휴일 미운영","http://www.ep.go.kr/CmsWeb/viewPage.req?idx=PG0000000763","사용","장애인 정당한 편의 기능 인증(우선구매대상지능정보화제품)","제공","제공","제공","부착","제공","미제공","제공","가능","2026-07-01 15:11:17"
"414","서울가정행정법원_민원실","서울특별시 서초구 강남대로 193(양재동)[서울특별시 서초구 양재동 25번지 3호]","1층 신한은행 옆","09:00 ","18:00 ","      ","      ","야간,주말 및 공휴일등 근무시간이외에는 이용불가","http://www.seocho.go.kr/site/seocho/01/10101050000002015070109.jsp","사용","장애인 정당한 편의 기능 인증(우선구매대상지능정보화제품)","제공","제공","제공","부착","제공","미제공","제공","가능","2026-02-10 18:15:20"
"505","반포1동주민센터1","서울특별시 서초구 사평대로 273, 1층 (반포동, 반포1동주민센터)[서울특별시 서초구 반포동 20번지 48호 반포1동주민센터]","2층 민원실","08:00 ","21:00 ","      ","      ","야간, 주말 및 공휴일 등 근무시간 외에는 이용 불가","http://www.seocho.go.kr/site/seocho/01/10101050000002015070109.jsp","사용","장애인 정당한 편의 기능 인증(우선구매대상지능정보화제품)","제공","제공","제공","부착","제공","미제공","제공","가능","2026-02-09 10:30:27"
"533","영등포구청2","서울특별시 영등포구 당산로 123, 영등포구청 (당산동3가)","구청 1층 민원실 민원여권과 앞","00:00 ","2400  ","00:00 ","2400  ","","http://www.ydp.go.kr/main/page.do?mCode=A010010000","사용","장애인 정당한 편의 기능 인증(우선구매대상지능정보화제품)","제공","제공","제공","부착","제공","제공","제공","가능","2026-01-23 11:22:08"
"532","여의동현장민원실2","서울특별시 영등포구 국제금융로 10, 서울 국제금융 센터 (여의도동)","IFC몰 지하2층 입구 우측","08:00 ","18:30 ","      ","      ","","https://www.ydp.go.kr/www/contents.do?key=2679&","사용","장애인 정당한 편의 기능 인증(우선구매대상지능정보화제품)","제공","제공","제공","부착","제공","제공","제공","가능","2026-01-23 11:21:48"
"510","신정2동주민센터","서울특별시 양천구 신목로14길 5 (신정동)","2층","07:00 ","20:00 ","      ","      ","주말 및 휴일 이용불가","http://www.yangcheon.go.kr/site/yangcheon/01/10101040000002016081013.jsp","사용","","제공","제공","제공","부착","제공","미제공","제공","가능","2025-03-20 16:34:05"
"101","용산구청","서울특별시 용산구 녹사평대로 150(이태원동)","용산구청 2층 민원실(부동산정보과 민원실 옆 우리은행창구 앞)","09:00 ","18:00 ","      ","      ","","http://www.yongsan.go.kr/pms/contents/contents.do?contseqn=1594&sitecdv=S0000600&decorator=user28OneClick&menucdv=01140000","사용","장애인 정당한 편의 기능 인증(우선구매대상지능정보화제품)","제공","제공","제공","부착","제공","미제공","제공","가능","2026-08-20 12:19:30"
"525","신정역","서울특별시 양천구 오목로 지하179, 신정역 (신정동)","5번출구 지하1층","00:00 ","2400  ","00:00 ","2400  ","","https://www.yangcheon.go.kr/site/yangcheon/main.do","사용","장애인 편의 기능 포함(일반)","제공","제공","제공","부착","제공","미제공","제공","불가능","2026-07-13 08:50:20"
"521","오목교역 KIOSK","서울특별시 양천구 오목로 지하 342(목동)","지하2층 11번 기둥앞","00:00 ","2400  ","00:00 ","2400  ","","http://www.yangcheon.go.kr/site/yangcheon/01/10101040000002016081013.jsp","사용","장애인 편의 기능 포함(일반)","제공","제공","제공","부착","제공","미제공","제공","불가능","2026-07-13 08:50:20"
"515","새마을금고_금빛","서울특별시 양천구 신월로 188(신월동)[서울특별시 양천구 신월동 601번지 3호]","금빛새마을금고 본점 내부","09:00 ","16:00 ","      ","      ","주말 및 휴일 이용불가","http://www.yangcheon.go.kr/site/yangcheon/01/10101040000002016081013.jsp","사용","장애인 편의 기능 포함(일반)","제공","제공","제공","부착","제공","미제공","제공","불가능","2026-07-13 08:50:20"
"409","서울출입국.외국인청","서울특별시 양천구 목동동로 151(신정동)[321번지]","1층 현관","09:00 ","18:00 ","      ","      ","주말 및 휴일 이용불가","http://www.yangcheon.go.kr/site/yangcheon/01/10101040000002016081013.jsp","사용","장애인 편의 기능 포함(일반)","제공","제공","제공","부착","제공","미제공","제공","불가능","2026-07-13 08:50:20"
"501","보라매동주민센터","서울특별시 관악구 봉천로 279-8(봉천동)","민원실내","09:00 ","18:00 ","      ","      ","","http://www.gwanak.go.kr/site/gwanak/03/10301040000002016051203.jsp","사용","장애인 정당한 편의 기능 인증(우선구매대상지능정보화제품)","제공","제공","제공","부착","제공","제공","제공","가능","2026-01-29 09:37:41"
"402","동작구청 현관(신청사)","서울특별시 동작구 장승배기로 70 (상도동)","1층 게이트2번 방풍문 내","00:00 ","2400  ","00:00 ","2400  ","","http://www.dongjak.go.kr/portal/main/contents.do?menuNo=200016","사용","장애인 정당한 편의 기능 인증(우선구매대상지능정보화제품)","제공","제공","제공","부착","제공","제공","제공","가능","2026-09-03 09:51:31"
"408","동작구청 외부(신청사)","서울특별시 동작구 장승배기로 70 (상도동)","1층 게이트1 외부부스","00:00 ","2400  ","00:00 ","2400  ","","http://www.dongjak.go.kr/portal/main/contents.do?menuNo=200016","사용","장애인 정당한 편의 기능 인증(우선구매대상지능정보화제품)","제공","제공","제공","부착","제공","제공","제공","가능","2026-09-03 09:50:57"
"103","중앙대학교병원","서울특별시 동작구 흑석로 102(흑석동, 중앙대학교병원)[서울특별시 동작구 흑석동 224번지 1호]","본관 1층 로비","00:00 ","2400  ","00:00 ","2400  ","","http://www.dongjak.go.kr/portal/main/contents.do?menuNo=200016","사용","장애인 정당한 편의 기능 인증(우선구매대상지능정보화제품)","제공","제공","제공","부착","제공","제공","제공","가능","2026-07-31 16:05:30"
"403","숭실대입구역","서울특별시 동작구 상도로 378(상도1동)[서울특별시 동작구 상도1동 515번지]","지하 1층","05:00 ","2400  ","05:00 ","2400  ","","http://www.dongjak.go.kr/portal/main/contents.do?menuNo=200016","사용","장애인 정당한 편의 기능 인증(우선구매대상지능정보화제품)","제공","제공","제공","부착","제공","제공","제공","가능","2026-01-27 17:27:42"
"101","9호선노량진역","서울특별시 동작구 노량진로 지하130, 9호선 노량진역 (노량진동)","지하 1층","05:00 ","2400  ","05:00 ","2400  ","","http://www.dongjak.go.kr/portal/main/contents.do?menuNo=200016","사용","장애인 정당한 편의 기능 인증(우선구매대상지능정보화제품)","제공","제공","제공","부착","제공","제공","제공","가능","2026-01-27 17:26:21"
"411","동작구청 외부(구청사)","서울특별시 동작구 장승배기로 161 (노량진동)","본관 외부부스","00:00 ","2400  ","00:00 ","2400  ","","https://www.dongjak.go.kr/portal/main/contents.do?menuNo=200016","사용","장애인 정당한 편의 기능 인증(우선구매대상지능정보화제품)","제공","제공","제공","부착","제공","제공","제공","가능","2026-01-27 17:22:47"
"143","역삼1동주민센터2","서울특별시 강남구 역삼로7길 16(역삼동)[서울특별시 강남구 역삼동 829번지 20호]","역삼1동주민센터 1층 무인민원발급창구 민원인 기준 우측","08:30 ","18:30 ","      ","      ","365일 24시간 운영","http://www.gangnam.go.kr/contents/dispenser/1/view.do?mid=FM010103","사용","장애인 정당한 편의 기능 인증(우선구매대상지능정보화제품)","제공","제공","제공","부착","제공","제공","제공","가능","2026-08-03 10:17:31"
"411","강남보건소","서울특별시 강남구 선릉로 668, 강남구보건소,강남구립국제교육원 (삼성동)","출입구","09:00 ","18:00 ","      ","      ","","https://www.gangnam.go.kr/contents/dispenser/2/view.do?mid=FM010103","사용","장애인 정당한 편의 기능 인증(우선구매대상지능정보화제품)","제공","제공","제공","부착","제공","제공","제공","가능","2026-08-03 09:30:35"
"103","논현1동주민센터","서울특별시 강남구 학동로20길 25(논현동)[서울특별시 강남구 논현동 133번지 13호]","논현1동주민센터 1층 무인민원발급창구","00:00 ","2400  ","00:00 ","2400  ","365일 24시간 운영","http://www.gangnam.go.kr/contents/dispenser/1/view.do?mid=FM010103","사용","장애인 정당한 편의 기능 인증(우선구매대상지능정보화제품)","제공","제공","제공","부착","제공","제공","제공","가능","2026-01-27 16:40:00"
"510","화곡8동주민센터","서울특별시 강서구 곰달래로25길 45(화곡동)","화곡8동주민센터 내","09:00 ","21:00 ","09:00 ","13:00 ","금요일(09:00~18:00 단축운영)/일,공휴일 운영 안함","https://www.gangseo.seoul.kr/gs0101071","사용","장애인 정당한 편의 기능 인증(우선구매대상지능정보화제품)","제공","제공","제공","부착","제공","미제공","제공","가능","2026-08-28 13:49:04"
"506","발산1동주민센터","서울특별시 강서구 강서로47길 54(내발산동)","1층 민원실 입구 옆 우측 입구","00:00 ","2400  ","00:00 ","2400  ","","https://www.gangseo.seoul.kr/gs0101071","사용","장애인 정당한 편의 기능 인증(우선구매대상지능정보화제품)","제공","제공","제공","부착","제공","미제공","제공","가능","2026-08-28 13:49:04"
"412","북한산우이역","서울특별시 강북구 삼양로 지하676, 북한산우이역 (우이동)","북한산우이역 1번출구","06:00 ","2400  ","06:00 ","2400  ","","http://www.gangbuk.go.kr/www/contents.do?key=58","사용","장애인 정당한 편의 기능 인증(우선구매대상지능정보화제품)","제공","제공","제공","부착","제공","제공","제공","가능","2026-07-20 17:41:16"
"505","개포2동주민센터","서울특별시 강남구 개포로 511(개포동)[서울특별시 강남구 개포동 182번지]","개포2동주민센터 1층 무인민원발급창구","00:00 ","2400  ","00:00 ","2400  ","365일 24시간 운영","http://www.gangnam.go.kr/contents/dispenser/1/view.do?mid=FM010103","사용","장애인 정당한 편의 기능 인증(우선구매대상지능정보화제품)","제공","제공","제공","부착","제공","제공","제공","가능","2026-01-27 16:41:57"
"512","남가좌1동주민센터","서울특별시 서대문구 모래내로15길 37(남가좌동)","남가좌1동주민센터 1층 민원실","09:00 ","18:00 ","      ","      ","","http://www.sdm.go.kr/civil/print/automaic.do","사용","장애인 정당한 편의 기능 인증(우선구매대상지능정보화제품)","제공","제공","제공","부착","제공","미제공","제공","가능","2026-08-27 13:04:52"
"424","성북동주민센터","서울특별시 성북구 성북로 37(성북동1가)","4층 주민센터 내","08:30 ","18:00 ","      ","      ","","https://www.sb.go.kr/PageLink.do?link=forward:use/PageContent.do&tempParam1=&menuNo=01000000&subMenuNo=01040000&thirdMenuNo=01040100&fourthMenuNo=","사용","장애인 정당한 편의 기능 인증(우선구매대상지능정보화제품)","제공","제공","제공","부착","제공","미제공","제공","가능","2026-08-18 10:46:09"
"501","논현2동주민센터","서울특별시 강남구 학동로43길 17(논현동)[서울특별시 강남구 논현동 114번지 24호]","논현2동주민센터 1층 로비","08:30 ","18:30 ","      ","      ","토, 일요일 및 공휴일 발급불가","http://www.gangnam.go.kr/contents/dispenser/1/view.do?mid=FM010103","사용","장애인 정당한 편의 기능 인증(우선구매대상지능정보화제품)","제공","제공","제공","부착","제공","미제공","제공","가능","2026-08-03 10:13:29"
"409","강남차병원","서울특별시 강남구 봉은사로 178, CHA 여성의학연구소 (역삼동)","1층","08:30 ","18:30 ","      ","      ","토요일운영시간 08:30~13:30","https://www.gangnam.go.kr/contents/dispenser/2/view.do?mid=FM010103","사용","장애인 정당한 편의 기능 인증(우선구매대상지능정보화제품)","제공","제공","제공","부착","제공","제공","제공","가능","2026-08-03 09:30:35"
"419","석관동주민센터","서울특별시 성북구 화랑로 296, 석관동 주민센터 (석관동)","출입구내 우측","08:30 ","18:00 ","      ","      ","","https://www.sb.go.kr/PageLink.do?link=forward:use/PageContent.do&tempParam1=&menuNo=01000000&subMenuNo=01040000&thirdMenuNo=01040100&fourthMenuNo=","사용","장애인 정당한 편의 기능 인증(우선구매대상지능정보화제품)","제공","제공","제공","부착","제공","미제공","제공","가능","2026-01-27 09:34:47"
"504","가양역","서울특별시 강서구 양천로 지하 485(가양동)[가양동 14-61 가양역]","가양역 중앙홀","05:00 ","02:00 ","05:00 ","02:00 ","","https://www.gangseo.seoul.kr/gs0101071","사용","장애인 정당한 편의 기능 인증(우선구매대상지능정보화제품)","제공","제공","제공","부착","제공","미제공","제공","가능","2026-08-28 10:08:25"
"522","염창역","서울특별시 강서구 공항대로 지하 631, 염창역 9호선 (염창동)","4번 출구","05:00 ","02:00 ","05:00 ","02:00 ","","https://www.gangseo.seoul.kr/gs0101071","사용","장애인 정당한 편의 기능 인증(우선구매대상지능정보화제품)","제공","제공","제공","부착","제공","미제공","제공","가능","2026-08-26 09:33:29"
"408","양천세무서","서울특별시 양천구 목동동로 165(신정동)[서울특별시 양천구 신정동 319번지 양천세무서]","1층 민원실","09:00 ","18:00 ","      ","      ","주말 및 휴일 이용불가","http://www.yangcheon.go.kr/site/yangcheon/01/10101040000002016081013.jsp","사용","장애인 편의 기능 포함(일반)","제공","제공","제공","부착","제공","미제공","제공","불가능","2026-07-13 08:50:20"
"410","안암동주민센터","서울특별시 성북구 고려대로 16, 안암동주민센터 (안암동2가)","안암동주민센터 1층","08:30 ","18:00 ","      ","      ","","https://www.sb.go.kr/PageLink.do?link=forward:use/PageContent.do&tempParam1=&menuNo=01000000&subMenuNo=01040000&thirdMenuNo=01040100&fourthMenuNo=","사용","장애인 정당한 편의 기능 인증(우선구매대상지능정보화제품)","제공","제공","제공","부착","제공","미제공","제공","가능","2026-01-27 09:33:02"
"520","내곡열린문화센터","서울특별시 서초구 청계산로15길 77(신원동)","내곡열린문화센터 1층","00:00 ","2400  ","00:00 ","2400  ","","http://www.seocho.go.kr/site/seocho/01/10101050000002015070109.jsp","사용","장애인 정당한 편의 기능 인증(우선구매대상지능정보화제품)","제공","제공","제공","부착","제공","미제공","제공","가능","2026-01-26 18:47:15"
"517","반포4동주민센터","서울특별시 서초구 사평대로28길 70(반포동)","반포4동주민센터 민원실내","00:00 ","2400  ","00:00 ","2400  ","","http://www.seocho.go.kr/site/seocho/01/10101050000002015070109.jsp","사용","장애인 편의 기능 포함(일반)","제공","제공","제공","부착","제공","미제공","제공","불가능","2026-01-26 18:46:20"
"512","교대역","서울특별시 서초구 서초대로 지하294, 교대역 (서초동)","14번 출구 하단","05:30 ","2400  ","05:30 ","2400  ","가족관계등록부, 제적등본 발급불가","http://www.seocho.go.kr/site/seocho/01/10101050000002015070109.jsp","사용","장애인 정당한 편의 기능 인증(우선구매대상지능정보화제품)","제공","제공","제공","부착","제공","미제공","제공","가능","2026-01-26 18:44:14"
"501","성동구청민원실2KIOSK","서울특별시 성동구 고산자로 270(행당동)[7번지]","구의회 옆 (외부)","00:00 ","2400  ","00:00 ","2400  ","","http://www.sd.go.kr/sd/main.do?mCode=13A030030000&op=mainSub&lay=5","사용","장애인 정당한 편의 기능 인증(우선구매대상지능정보화제품)","제공","제공","제공","부착","제공","미제공","제공","가능","2026-07-27 11:33:22"
"503","청룡동주민센터","서울특별시 관악구 쑥고개로 44(봉천동)","민원실내","09:00 ","18:00 ","      ","      ","","http://www.gwanak.go.kr/site/gwanak/03/10301040000002016051203.jsp","사용","장애인 정당한 편의 기능 인증(우선구매대상지능정보화제품)","제공","제공","제공","부착","제공","제공","제공","가능","2026-07-06 12:37:49"
"401","서울중앙지방법원","서울특별시 서초구 서초중앙로 157(반포동)[1701번지 1호]","동관 앞","09:00 ","18:00 ","      ","      ","야간,주말 및 공휴일 등 근무시간 이외에는 이용불가","http://www.seocho.go.kr/site/seocho/01/10101050000002015070109.jsp","사용","장애인 정당한 편의 기능 인증(우선구매대상지능정보화제품)","제공","제공","제공","부착","제공","미제공","제공","가능","2026-01-26 18:34:50"
"526","방화2동주민센터","서울특별시 강서구 개화동로21길 52(방화동)","1층","00:00 ","2400  ","00:00 ","2400  ","","https://www.gangseo.seoul.kr/gs0101071","사용","장애인 편의 기능 포함(일반)","제공","제공","제공","부착","제공","미제공","제공","불가능","2026-08-28 15:28:00"
"527","가산디지털단지역 6번 출입구","서울특별시 금천구 벚꽃로 309, 가산디지털단지역 (가산동)","가산역 6번 출입구 개찰구 옆","05:25 ","02:00 ","05:00 ","02:05 ","","http://www.geumcheon.go.kr/html/048/048001005.html","사용","장애인 정당한 편의 기능 인증(우선구매대상지능정보화제품)","제공","제공","제공","부착","제공","제공","제공","가능","2026-08-21 15:32:33"
"508","성현동주민센터","서울특별시 관악구 구암길 38(봉천동)","민원실내","09:00 ","18:00 ","      ","      ","","http://www.gwanak.go.kr/site/gwanak/03/10301040000002016051203.jsp","사용","장애인 정당한 편의 기능 인증(우선구매대상지능정보화제품)","제공","제공","제공","부착","제공","제공","제공","가능","2026-01-29 09:38:58"
"518","이마트양재점","서울특별시 서초구 매헌로 16(양재동)","지하1층 입구","09:00 ","2400  ","09:00 ","2400  ","","http://www.seocho.go.kr/site/seocho/01/10101050000002015070109.jsp","사용","장애인 정당한 편의 기능 인증(우선구매대상지능정보화제품)","제공","제공","제공","부착","제공","미제공","제공","가능","2026-01-26 18:46:42"
"434","자원봉사센터 1층(꿈의숲아이파크 716동)","서울특별시 성북구 돌곶이로40길 46, 1층 716동 (장위동)","1층 로비","00:00 ","2400  ","00:00 ","2400  ","","https://www.sb.go.kr/main/PageLink.do?link=forward:use/PageContent.do&menuNo=91000000&subMenuNo=91010000&thirdMenuNo=91010300&fourthMenuNo=","사용","장애인 정당한 편의 기능 인증(우선구매대상지능정보화제품)","제공","제공","제공","부착","제공","제공","제공","가능","2026-01-26 15:56:13"
"433","한성대입구역","서울특별시 성북구 삼선교로 지하1, 한성대입구역 (삼선동1가)","5번 출구 인근","05:00 ","02:00 ","05:00 ","02:00 ","","https://www.sb.go.kr/main/PageLink.do?link=forward:use/PageContent.do&menuNo=91000000&subMenuNo=91010000&thirdMenuNo=91010300&fourthMenuNo=","사용","장애인 정당한 편의 기능 인증(우선구매대상지능정보화제품)","제공","제공","제공","부착","제공","제공","제공","가능","2026-01-26 15:54:36"
"408","세곡동주민센터2","서울특별시 강남구 밤고개로 286, 세곡동주민센터 (율현동)","세곡동 주민센터 옥외 무인민원발급창구","00:00 ","2400  ","00:00 ","2400  ","365일 24시간 운영","http://www.gangnam.go.kr/contents/dispenser/1/view.do?mid=FM010103","사용","장애인 정당한 편의 기능 인증(우선구매대상지능정보화제품)","제공","제공","제공","부착","제공","제공","제공","가능","2026-08-07 13:32:15"
"127","수서동주민센터","서울특별시 강남구 광평로 301-4(수서동)[서울특별시 강남구 수서동 718번지 2호]","수서동주민센터 옥외 무인민원발급창구","00:00 ","2400  ","00:00 ","2400  ","365일 24시간 운영","http://www.gangnam.go.kr/contents/dispenser/1/view.do?mid=FM010103","사용","장애인 편의 기능 포함(일반)","제공","제공","제공","부착","제공","제공","제공","가능","2026-08-03 16:06:07"
"523","성동도시관리공단KIOSK","서울특별시 성동구 청계천로 546, 성동구도시관리공단 (마장동)","성동구 시설관리공단 1층","09:00 ","18:00 ","      ","      ","주말(공휴일) 미운영","http://www.sd.go.kr/sd/main.do?op=mainSub&mCode=13A030030000","사용","장애인 정당한 편의 기능 인증(우선구매대상지능정보화제품)","제공","제공","제공","부착","제공","미제공","제공","가능","2026-01-27 12:46:59"
"405","상도2동주민센터","서울특별시 동작구 상도로 211(상도동)[25번지 48호]","1층 민원실","08:00 ","19:00 ","      ","      ","주말 공휴일 미운영","http://www.dongjak.go.kr/portal/main/contents.do?menuNo=200016","사용","장애인 정당한 편의 기능 인증(우선구매대상지능정보화제품)","제공","제공","제공","부착","제공","미제공","제공","가능","2026-01-27 11:33:41"
"409","종암경찰서","서울특별시 성북구 종암로 137, 서울종암경찰서 (종암동)","종암경찰서 1층","00:00 ","2400  ","00:00 ","2400  ","","https://www.sb.go.kr/PageLink.do?link=forward:use/PageContent.do&tempParam1=&menuNo=01000000&subMenuNo=01040000&thirdMenuNo=01040100&fourthMenuNo=","사용","장애인 정당한 편의 기능 인증(우선구매대상지능정보화제품)","제공","제공","제공","부착","제공","미제공","제공","가능","2026-01-26 15:45:25"
"405","고대안암병원","서울특별시 성북구 고려대로 73, 고려대병원 (안암동5가)","고려대병원(최첨단융복합센터) 2층 로비","00:00 ","2400  ","00:00 ","2400  ","","https://www.sb.go.kr/PageLink.do?link=forward:use/PageContent.do&tempParam1=&menuNo=01000000&subMenuNo=01040000&thirdMenuNo=01040100&fourthMenuNo=","사용","장애인 정당한 편의 기능 인증(우선구매대상지능정보화제품)","제공","제공","제공","부착","제공","제공","제공","가능","2026-01-26 15:44:44"
"522","은평구청(외부)","서울특별시 은평구 은평로 195, 은평구청 (녹번동)","은평구청 (외부)","00:00 ","2400  ","00:00 ","2400  ","","https://www.ep.go.kr/www/contents.do?key=224","사용","장애인 정당한 편의 기능 인증(우선구매대상지능정보화제품)","제공","제공","제공","부착","제공","미제공","제공","가능","2026-08-13 09:54:45"
"422","정릉2동주민센터","서울특별시 성북구 정릉로26길 1(정릉동)","민원창구 좌측","08:30 ","18:00 ","      ","      ","","https://www.sb.go.kr/PageLink.do?link=forward:use/PageContent.do&tempParam1=&menuNo=01000000&subMenuNo=01040000&thirdMenuNo=01040100&fourthMenuNo=","사용","장애인 정당한 편의 기능 인증(우선구매대상지능정보화제품)","제공","제공","제공","부착","제공","미제공","제공","가능","2026-02-04 16:41:48"
"511","서초1동주민센터2","서울특별시 서초구 사임당로 89(서초동, 서초1동주민센터)[서울특별시 서초구 서초동 1649번지 5호]","1층 민원실","00:00 ","2400  ","00:00 ","2400  ","년중무휴","http://www.seocho.go.kr/site/seocho/01/10101050000002015070109.jsp","사용","장애인 정당한 편의 기능 인증(우선구매대상지능정보화제품)","제공","제공","제공","부착","제공","미제공","제공","가능","2026-01-26 18:43:27"
"523","국민건강보험공단 은평지사","서울특별시 은평구 통일로71길 16, 국민건강보험공단 은평지사 2층 (대조동)","민원실 내","09:00 ","18:00 ","      ","      ","","https://www.ep.go.kr/www/contents.do?key=224","사용","장애인 정당한 편의 기능 인증(우선구매대상지능정보화제품)","제공","제공","제공","부착","제공","미제공","제공","가능","2026-01-26 15:13:05"
"521","구산역","서울특별시 은평구 연서로 지하137-1, 6호선 구산역사무소 (구산동)","2번출구 공중전화박스 옆","06:00 ","2400  ","06:00 ","2400  ","","https://www.ep.go.kr/CmsWeb/viewPage.req?idx=PG0000000763","사용","장애인 정당한 편의 기능 인증(우선구매대상지능정보화제품)","제공","제공","제공","부착","제공","미제공","제공","가능","2026-01-26 15:12:17"
"520","우리들새마을금고 새절역지점","서울특별시 은평구 증산로 387-1, 2층 (신사동)","1층내부","07:00 ","23:00 ","07:00 ","23:00 ","","https://www.ep.go.kr/CmsWeb/viewPage.req?idx=PG0000000763","사용","장애인 정당한 편의 기능 인증(우선구매대상지능정보화제품)","제공","제공","제공","부착","제공","미제공","제공","가능","2026-01-26 15:12:00"
"526","가좌역 무인민원발급기","서울특별시 서대문구 수색로 27, 가좌역 (남가좌동)","가좌역 지하1층 3번 4번출구 중간","06:00 ","2400  ","06:00 ","2400  ","","https://www.sdm.go.kr/civil/print/automaic.do","사용","장애인 정당한 편의 기능 인증(우선구매대상지능정보화제품)","제공","제공","제공","부착","제공","미제공","제공","가능","2026-08-26 16:06:37"
"402","신도림동주민센터(민원실내)","서울특별시 구로구 신도림로 40(신도림동)","신도림동주민센터 민원실","09:00 ","18:00 ","      ","      ","주말(공휴일) 이용 불가","https://www.guro.go.kr/www/contents.do;jsessionid=2B2734DF1E4BDABE4C4C17EA2A087147.3c9fdff513c606261?key=1625&","사용","장애인 정당한 편의 기능 인증(우선구매대상지능정보화제품)","제공","제공","제공","부착","제공","미제공","제공","가능","2026-08-24 09:58:33"
"401","선릉역1","서울특별시 강남구 테헤란로 340(삼성동, 선릉역(3번 출구))","(2호선 선릉역3번출구)","05:30 ","23:59 ","05:30 ","23:59 ","","https://www.gangnam.go.kr/contents/dispenser/2/view.do?mid=ID03_010103","사용","장애인 정당한 편의 기능 인증(우선구매대상지능정보화제품)","제공","제공","제공","부착","제공","제공","제공","가능","2026-08-03 09:30:35"
"504","장지역","서울특별시 송파구 송파대로 지하 82(장지동)","장지역 1번출구 근처","05:30 ","2400  ","05:30 ","2400  ","지하철 역사 개방시간에 가능","https://www.songpa.go.kr/www/contents.do?key=2027&","사용","장애인 정당한 편의 기능 인증(우선구매대상지능정보화제품)","제공","제공","제공","부착","제공","미제공","제공","가능","2026-07-01 09:01:37"
"515","독산2동 주민센터","서울특별시 금천구 독산로 179, 독산2동주민센터 (독산동)","독산2동 주민센터 통합민원실 내","09:00 ","18:00 ","      ","      ","등기부등본, 가족관계등록서류 평일 09:00~18:00 이용","http://www.geumcheon.go.kr/html/048/048001005.html","사용","장애인 정당한 편의 기능 인증(우선구매대상지능정보화제품)","제공","제공","제공","부착","제공","미제공","제공","가능","2026-02-25 20:44:17"
"406","상계3.4동 주민센터","서울특별시 노원구 덕릉로 859(상계동)","상계3.4동 주민센터 정문 옆","00:00 ","2400  ","00:00 ","2400  ","주말 및 공휴일 휴무","https://www.nowon.kr/www/minwon/minwon1/minwon1_04.jsp","사용","장애인 정당한 편의 기능 인증(우선구매대상지능정보화제품)","제공","제공","제공","부착","제공","미제공","제공","가능","2026-01-29 14:36:46"
"410","서울중구보건소","서울특별시 중구 다산로39길 16(무학동)","옥외 부스","00:00 ","2400  ","00:00 ","2400  ","","http://www.junggu.seoul.kr/minwon/content.do?cmsid=13984","사용","장애인 정당한 편의 기능 인증(우선구매대상지능정보화제품)","제공","제공","제공","부착","제공","제공","제공","가능","2026-08-31 01:23:01"
"504","장안2동주민센터","서울특별시 동대문구 사가정로 230-1, 장안2동 주민센터 (장안동)","장안2동주민센터","09:00 ","18:00 ","      ","      ","주말휴무","http://www.ddm.go.kr/civil/multiCivilNoPeople.jsp","사용","장애인 정당한 편의 기능 인증(우선구매대상지능정보화제품)","제공","제공","제공","부착","제공","제공","제공","가능","2026-07-31 16:57:41"
"526","목동새마을금고_목4동","서울특별시 양천구 목동중앙남로 57-6, 신우빌딩 (목동)","365코너","00:00 ","2400  ","00:00 ","2400  ","","https://www.yangcheon.go.kr/site/yangcheon/01/10101040000002016081013.jsp","사용","장애인 편의 기능 포함(일반)","제공","제공","제공","부착","제공","미제공","제공","불가능","2026-07-13 08:50:20"
"512","신사1동주민센터 KIOSK","서울특별시 은평구 은평로2길 2(신사동)[서울특별시 은평구 신사동 29번지 2호]","신사1동주민센터 1층 민원실 입구 좌측","08:00 ","19:00 ","      ","      ","토.일요일 및 공휴일 미운영","http://www.ep.go.kr/CmsWeb/viewPage.req?idx=PG0000000763","사용","장애인 정당한 편의 기능 인증(우선구매대상지능정보화제품)","제공","제공","제공","부착","제공","미제공","제공","가능","2026-07-02 15:23:37"
"507","녹번동주민센터","서울특별시 은평구 은평로 195(녹번동)[서울특별시 은평구 녹번동 84번지]","녹번동 주민센터 1층 민원실 입구 우측","08:00 ","19:00 ","      ","      ","토.일요일 및 공휴일 미운영","http://www.ep.go.kr/CmsWeb/viewPage.req?idx=PG0000000763","사용","장애인 정당한 편의 기능 인증(우선구매대상지능정보화제품)","제공","제공","제공","부착","제공","미제공","제공","가능","2026-07-01 15:11:02"
"509","구산동주민센터 KIOSK","서울특별시 은평구 갈현로17길 10(구산동)[서울특별시 은평구 구산동 27번지 5호]","구산동 주민센터 1층 현관 앞","08:00 ","19:00 ","      ","      ","토.일요일 및 공휴일 미운영","http://www.ep.go.kr/CmsWeb/viewPage.req?idx=PG0000000763","사용","장애인 정당한 편의 기능 인증(우선구매대상지능정보화제품)","제공","제공","제공","부착","제공","미제공","제공","가능","2026-06-04 13:27:29"
"520","송정동주민센터 KIOSK","서울특별시 성동구 동일로43길 13(송정동)","송정동주민센터","00:00 ","2400  ","00:00 ","2400  ","주말 및 공휴일 미발급","http://www.sd.go.kr/sd/main.do?op=mainSub&mCode=13A030030000","사용","장애인 정당한 편의 기능 인증(우선구매대상지능정보화제품)","제공","제공","제공","부착","제공","미제공","제공","가능","2026-07-27 10:12:26"
"503","신사2동사무소 KIOSK","서울특별시 은평구 증산로15길 47(신사동)[서울특별시 은평구 신사동 163번지 17호]","신사2동 주민센터 내","08:00 ","19:00 ","      ","      ","토.일요일 및 공휴일 미운영","http://www.ep.go.kr/CmsWeb/viewPage.req?idx=PG0000000763","사용","장애인 정당한 편의 기능 인증(우선구매대상지능정보화제품)","제공","제공","제공","부착","제공","미제공","제공","가능","2026-07-02 09:34:52"
"403","송파구청","서울특별시 송파구 올림픽로 326(신천동)","본관1층 은행 앞","00:00 ","2400  ","00:00 ","2400  ","365일 24시간 (01:00~01:10 시스템점검 일시중단)","https://www.songpa.go.kr/www/contents.do?key=2027&","사용","장애인 정당한 편의 기능 인증(우선구매대상지능정보화제품)","제공","제공","제공","부착","제공","미제공","제공","가능","2026-07-01 09:01:37"
"517","성수1가제2동주민센터 KIOSK","서울특별시 성동구 왕십리로5길 3, 성수1가제2동 공공복합청사 (성수동1가)","성수1가제2동주민센터","00:00 ","2400  ","00:00 ","2400  ","24시간 운영","http://www.sd.go.kr/sd/main.do?op=mainSub&mCode=13A030030000","사용","장애인 정당한 편의 기능 인증(우선구매대상지능정보화제품)","제공","제공","제공","부착","제공","미제공","제공","가능","2026-06-16 20:24:31"
"518","천왕역","서울특별시 구로구 오리로 지하 1154, 천왕역,천왕역환승센터(공영주차장) (오류동)","2번출구 우측","05:00 ","01:00 ","05:00 ","01:00 ","지하철역별 운영시간 내 발급기 이용 가능","https://www.guro.go.kr/www/contents.do;jsessionid=2B2734DF1E4BDABE4C4C17EA2A087147.3c9fdff513c606261?key=1625&","사용","장애인 정당한 편의 기능 인증(우선구매대상지능정보화제품)","제공","제공","제공","부착","제공","미제공","제공","가능","2026-01-26 10:19:18"
"418","암사2동주민센터","서울특별시 강동구 상암로3길 28, 암사2동주민센터 (암사동)","민원실 내부","09:00 ","18:00 ","      ","      ","주말, 국경일 및 법정공휴일 발급불가","https://www.gangdong.go.kr/site/contents/koRenew/html00/html04/index04.html","사용","장애인 정당한 편의 기능 인증(우선구매대상지능정보화제품)","제공","제공","제공","부착","제공","미제공","제공","가능","2026-03-19 10:47:32"
"513","잠원동주민센터","서울특별시 서초구 나루터로 38(잠원동)[서울특별시 서초구 잠원동 58번지 27호]","잠원동주민센터 밖 옥외부스 내","00:00 ","2400  ","00:00 ","2400  ","매일 02:30~03:00 발급기 재기동","http://www.seocho.go.kr/site/seocho/01/10101050000002015070109.jsp","사용","장애인 정당한 편의 기능 인증(우선구매대상지능정보화제품)","제공","제공","제공","부착","제공","미제공","제공","가능","2026-01-28 16:49:01"
"511","구로3동주민센터(안쪽)","서울특별시 구로구 디지털로31길 109(구로동)","2층 민원실","09:00 ","18:00 ","      ","      ","주말(공휴일) 이용 불가","https://www.guro.go.kr/www/contents.do;jsessionid=2B2734DF1E4BDABE4C4C17EA2A087147.3c9fdff513c606261?key=1625&","사용","장애인 정당한 편의 기능 인증(우선구매대상지능정보화제품)","제공","제공","제공","부착","제공","미제공","제공","가능","2026-01-26 10:12:07"
"529","DMC파크뷰자이","서울특별시 서대문구 가재울미래로 2 (남가좌동, DMC파크뷰자이)","2단지 커뮤니티센터 1층","06:00 ","21:00 ","      ","      ","","https://www.sdm.go.kr/civil/print/automaic.do","사용","장애인 정당한 편의 기능 인증(우선구매대상지능정보화제품)","제공","제공","제공","부착","제공","미제공","제공","가능","2026-01-26 10:10:06"
"528","국민건강보험공단 서대문지사","서울특별시 서대문구 통일로 413, 연세24시사우나 4층 (홍제동)","국민건강보험공단 서대문지사 4층","09:00 ","18:00 ","      ","      ","","https://www.sdm.go.kr/civil/print/automaic.do","사용","장애인 정당한 편의 기능 인증(우선구매대상지능정보화제품)","제공","제공","제공","부착","제공","미제공","제공","가능","2026-01-26 10:09:46"
"519","서대문구청2 KIOSK","서울특별시 서대문구 연희로 248(연희동)","서대문구청 본관 1층 로비","00:00 ","2400  ","00:00 ","2400  ","","http://www.sdm.go.kr/civil/print/automaic.do","사용","장애인 정당한 편의 기능 인증(우선구매대상지능정보화제품)","제공","제공","제공","부착","제공","미제공","제공","가능","2026-08-26 16:06:14"
"502","동대문세무서","서울특별시 동대문구 약령시로 159(청량리동)","1층 민원실 내","09:00 ","18:00 ","      ","      ","주말휴무","http://www.ddm.go.kr/civil/multiCivilNoPeople.jsp","사용","장애인 정당한 편의 기능 인증(우선구매대상지능정보화제품)","제공","제공","제공","부착","제공","미제공","제공","가능","2026-08-25 21:08:40"
"410","코엑스몰","서울특별시 강남구 영동대로 513, 코엑스 (삼성동)","지하1층 별마당도서관 앞","00:00 ","2400  ","00:00 ","2400  ","","https://www.gangnam.go.kr/contents/dispenser/2/view.do?mid=FM010103","사용","장애인 정당한 편의 기능 인증(우선구매대상지능정보화제품)","제공","제공","제공","부착","제공","제공","제공","가능","2026-08-03 09:30:35"
"410","청량리역","서울특별시 동대문구 왕산로 214, 청량리역 (전농동)","3층 맞이방 내 매표기기 옆","06:00 ","23:55 ","06:00 ","23:55 ","","http://www.ddm.go.kr/civil/multiCivilNoPeople.jsp","사용","장애인 정당한 편의 기능 인증(우선구매대상지능정보화제품)","제공","제공","제공","부착","제공","제공","제공","가능","2026-07-31 16:52:31"
"418","이문1동주민센터","서울특별시 동대문구 외대역동로 114-1(이문동)[서울특별시 동대문구 이문동 120번지 1호]","주민센터 내 민원대기실","09:00 ","18:00 ","      ","      ","주말휴무","http://www.ddm.go.kr/civil/multiCivilNoPeople.jsp","사용","장애인 정당한 편의 기능 인증(우선구매대상지능정보화제품)","제공","제공","제공","부착","제공","미제공","제공","가능","2026-07-31 10:18:02"
"408","전농1동주민센터","서울특별시 동대문구 서울시립대로9길 21(전농동, 전농1동주민센터)","전농1동주민센터 건물 출입구 들어가서 정면","09:00 ","18:00 ","      ","      ","주말휴무","http://www.ddm.go.kr/civil/multiCivilNoPeople.jsp","사용","장애인 정당한 편의 기능 인증(우선구매대상지능정보화제품)","제공","제공","제공","부착","제공","미제공","제공","가능","2026-07-31 10:07:02"
"409","용두동 대명신협","서울특별시 동대문구 왕산로 154-1, 1층 (용두동)","1층 ATM창구","07:00 ","23:00 ","07:00 ","23:00 ","","http://www.ddm.go.kr/civil/multiCivilNoPeople.jsp","사용","장애인 정당한 편의 기능 인증(우선구매대상지능정보화제품)","제공","제공","제공","부착","제공","미제공","제공","가능","2026-01-23 16:52:26"
"501","상일1동 주민센터","서울특별시 강동구 구천면로 633 (상일동)","1층 민원실 입구 좌측","09:00 ","18:00 ","      ","      ","주말 및 국경일(법정공휴일) 발급불가","https://www.gangdong.go.kr/site/contents/koRenew/html00/html04/index04.html","사용","장애인 정당한 편의 기능 인증(우선구매대상지능정보화제품)","제공","제공","제공","부착","제공","미제공","제공","가능","2026-01-23 16:22:30"
"203","쌍문3동 주민센터","서울특별시 도봉구 노해로44길 9(쌍문동)[서울특별시 도봉구 쌍문동 327번지]","민원실 내부","09:00 ","18:00 ","      ","      ","주말(공휴일) 미운영","http://www.dobong.go.kr/Contents.asp?code=10003644","사용","장애인 정당한 편의 기능 인증(우선구매대상지능정보화제품)","제공","제공","제공","부착","제공","제공","제공","가능","2026-08-04 09:35:07"
"508","제기동새마을금고 제1점","서울특별시 동대문구 약령시로 2 (제기동)","1층 ATM창구","07:00 ","23:00 ","07:00 ","23:00 ","","https://www.ddm.go.kr/www/contents.do?key=8","사용","장애인 정당한 편의 기능 인증(우선구매대상지능정보화제품)","제공","제공","제공","부착","제공","미제공","제공","가능","2026-07-31 10:23:25"
"514","금호4가동주민센터","서울특별시 성동구 독서당로46길 26(금호동4가)[803번지]","금호4가동주민센터","00:00 ","2400  ","00:00 ","2400  ","24시간 운영","http://www.sd.go.kr/sd/main.do?op=mainSub&mCode=13A030030000","사용","장애인 정당한 편의 기능 인증(우선구매대상지능정보화제품)","제공","제공","제공","부착","제공","미제공","제공","가능","2026-07-27 14:12:15"
"409","송파나루역","서울특별시 송파구 백제고분로 지하 446, 송파나루역 (방이동)","9호선 송파나루역 역사 내부","05:30 ","2400  ","05:30 ","2400  ","지하철 역사 개방시간에 가능","https://www.songpa.go.kr/www/contents.do?key=2027&","사용","장애인 정당한 편의 기능 인증(우선구매대상지능정보화제품)","제공","제공","제공","부착","제공","미제공","제공","가능","2026-07-01 09:01:37"
"509","서초3동주민센터","서울특별시 서초구 반포대로 34, 2층 (서초동, 로얄빌딩)[1459번지 12호 2층 서초3동주민센터앞]","2층 민원실입구 앞","08:00 ","21:00 ","      ","      ","야간, 주말 및 공휴일 등 근무시간 외에는 이용 불가","http://www.seocho.go.kr/site/seocho/01/10101050000002015070109.jsp","사용","장애인 정당한 편의 기능 인증(우선구매대상지능정보화제품)","제공","제공","제공","부착","제공","미제공","제공","가능","2026-06-15 16:54:25"
"408","방배4동주민센터","서울특별시 서초구 방배로 173(방배동)[서울특별시 서초구 방배동 852번지 14호]","1층 출입문","00:00 ","2400  ","00:00 ","2400  ","","http://www.seocho.go.kr/site/seocho/01/10101050000002015070109.jsp","사용","장애인 정당한 편의 기능 인증(우선구매대상지능정보화제품)","제공","제공","제공","부착","제공","미제공","제공","가능","2026-01-26 18:36:45"
"517","화곡본동주민센터","서울특별시 강서구 초록마을로5길 29, 화곡본동주민센터 (화곡동)","화곡본동주민센터 1층 민원실 좌측","08:00 ","21:00 ","09:00 ","13:00 ","일,공휴일 운영안함","https://www.gangseo.seoul.kr/gs0101071","사용","장애인 편의 기능 포함(일반)","제공","제공","제공","부착","제공","미제공","제공","불가능","2026-08-28 13:49:04"
"521","청담동주민센터2","서울특별시 강남구 압구정로79길 26, 청담동주민센터 (청담동)","청담동주민센터 1층 민원실내부","08:30 ","18:30 ","      ","      ","","https://www.gangnam.go.kr/contents/dispenser/2/view.do?mid=FM010103","사용","장애인 편의 기능 포함(일반)","제공","제공","제공","부착","제공","제공","제공","가능","2026-08-04 12:45:55"
"415","답십리2동주민센터","서울특별시 동대문구 한천로11길 18(답십리동, 답십리2동주민센터)","답십리2동주민센터 1층 민원실 입구 우측","09:00 ","18:00 ","      ","      ","주말휴무","http://www.ddm.go.kr/civil/multiCivilNoPeople.jsp","사용","장애인 정당한 편의 기능 인증(우선구매대상지능정보화제품)","제공","제공","제공","부착","제공","미제공","제공","가능","2026-07-31 10:17:14"
"414","제기동주민센터","서울특별시 동대문구 약령시로 71(제기동)","제기동주민센터 1층 현관문 옆","09:00 ","18:00 ","      ","      ","주말휴무","http://www.ddm.go.kr/civil/multiCivilNoPeople.jsp","사용","장애인 정당한 편의 기능 인증(우선구매대상지능정보화제품)","제공","제공","제공","부착","제공","미제공","제공","가능","2026-07-31 10:16:52"
"413","서울동부시립병원","서울특별시 동대문구 무학로 124, 시립동부병원 (용두동)","1층","08:50 ","18:00 ","      ","      ","주말휴무","http://www.ddm.go.kr/civil/multiCivilNoPeople.jsp","사용","장애인 정당한 편의 기능 인증(우선구매대상지능정보화제품)","제공","제공","제공","부착","제공","미제공","제공","가능","2026-07-31 10:16:31"
"411","국민건강보험공단 동대문지사","서울특별시 동대문구 천호대로 405, 동보빌딩 6층 (장안동)","종합민원실 내","08:30 ","18:30 ","      ","      ","","https://www.ddm.go.kr/www/contents.do?key=8","사용","장애인 정당한 편의 기능 인증(우선구매대상지능정보화제품)","제공","제공","제공","부착","제공","미제공","제공","가능","2026-07-31 10:15:50"
"412","반포2동주민센터","서울특별시 서초구 신반포로 127, 반포2동주민센터 (반포동)","1층 민원실","00:00 ","2400  ","      ","      ","야간, 주말 및 공휴일 등 근무시간 외에는 이용 불가","http://www.seocho.go.kr/site/seocho/01/10101050000002015070109.jsp","사용","장애인 정당한 편의 기능 인증(우선구매대상지능정보화제품)","제공","제공","제공","부착","제공","미제공","제공","가능","2026-03-11 15:54:02"
"502","상계1동 주민센터","서울특별시 노원구 동일로 1697(상계동)[서울특별시 노원구 상계동 1259번지]","동주민센터 정문 앞","00:00 ","2400  ","00:00 ","2400  ","","https://www.nowon.kr/www/minwon/minwon1/minwon1_04.jsp","사용","장애인 편의 기능 포함(일반)","제공","제공","제공","부착","제공","미제공","제공","불가능","2026-08-14 16:12:31"
"509","은천동주민센터","서울특별시 관악구 봉천로33나길 30, 은천동주민센터 (봉천동)","민원실","09:00 ","18:00 ","      ","      ","","http://www.gwanak.go.kr/site/gwanak/03/10301040000002016051203.jsp","사용","장애인 편의 기능 포함(일반)","제공","제공","제공","부착","제공","미제공","제공","가능","2026-08-05 12:51:35"
"401","중랑구청부동산정보과","서울특별시 중랑구 면목로 242 (면목동)","자동차등록나눔센터","09:00 ","18:00 ","      ","      ","주말휴무","http://www.jungnang.go.kr/portal/main/contents.do?menuNo=200004","사용","장애인 정당한 편의 기능 인증(우선구매대상지능정보화제품)","제공","제공","제공","부착","제공","미제공","제공","가능","2026-08-27 14:40:35"
"508","서울의료원","서울특별시 중랑구 신내로 156(신내동)[서울특별시 중랑구 신내동 316번지]","서울의료원 1층 로비","00:00 ","2400  ","00:00 ","2400  ","","http://www.jungnang.go.kr/portal/main/contents.do?menuNo=200004","사용","장애인 정당한 편의 기능 인증(우선구매대상지능정보화제품)","제공","제공","제공","부착","제공","미제공","제공","가능","2026-08-27 14:30:42"
"102","중랑구청_민원여권과 2","서울특별시 중랑구 봉화산로 179, 중랑구청 1층 (신내동)","민원여권과 1층 앞","00:00 ","2400  ","00:00 ","2400  ","","https://www.jungnang.go.kr/portal/main/contents.do?menuNo=200004","사용","장애인 정당한 편의 기능 인증(우선구매대상지능정보화제품)","제공","제공","제공","부착","제공","미제공","제공","가능","2026-08-27 14:30:35"
"101","중랑구청_ 민원여권과1","서울특별시 중랑구 봉화산로 179(신내동)[서울특별시 중랑구 신내동 662번지]","민원여권과 입구","00:00 ","2400  ","00:00 ","2400  ","","http://www.jungnang.go.kr/portal/main/contents.do?menuNo=200004","사용","장애인 정당한 편의 기능 인증(우선구매대상지능정보화제품)","제공","제공","제공","부착","제공","미제공","제공","가능","2026-08-27 14:30:29"
"512","신내1동주민센터","서울특별시 중랑구 용마산로129나길 35, 신내1동 주민센터 (신내동)","입구","09:00 ","18:00 ","      ","      ","","http://www.jungnang.go.kr/portal/main/contents.do?menuNo=200004","사용","장애인 정당한 편의 기능 인증(우선구매대상지능정보화제품)","제공","제공","제공","부착","제공","미제공","제공","가능","2026-08-21 10:09:12"
"501","면목7동주민센터","서울특별시 중랑구 면목로36길 4 (면목동)","면목7동주민센터 1층 민원실","09:00 ","18:00 ","      ","      ","주말휴무","http://www.jungnang.go.kr/portal/main/contents.do?menuNo=200004","사용","장애인 정당한 편의 기능 인증(우선구매대상지능정보화제품)","제공","제공","제공","부착","제공","미제공","제공","가능","2026-08-20 11:14:03"
"506","하계1동 주민센터","서울특별시 노원구 노원로 261, 하계1동주민센터 (하계동)","입구","09:00 ","18:00 ","      ","      ","","https://www.nowon.kr/www/minwon/minwon1/minwon1_04.jsp","사용","장애인 편의 기능 포함(일반)","제공","제공","제공","부착","제공","미제공","제공","불가능","2026-08-21 11:03:24"
"514","잠실역","서울특별시 송파구 올림픽로 지하 265(잠실동)","잠실역 지하광장 3번출구 근처(kt전화기 부스 옆)","05:30 ","2400  ","05:30 ","2400  ","지하철 역사 개방시간에 가능","https://www.songpa.go.kr/www/contents.do?key=2027&","사용","장애인 정당한 편의 기능 인증(우선구매대상지능정보화제품)","제공","제공","제공","부착","제공","미제공","제공","가능","2026-07-01 09:01:37"
"501","청파동주민센터","서울특별시 용산구 청파로49길 6(청파동2가)[서울특별시 용산구 청파동2가 91번지 1호]","청파동주민센터 1층 민원실 앞","09:00 ","18:00 ","      ","      ","주말(공휴일) 정기휴무","http://www.yongsan.go.kr/pms/contents/contents.do?contseqn=1594&sitecdv=S0000600&decorator=user28OneClick&menucdv=01140000","사용","장애인 정당한 편의 기능 인증(우선구매대상지능정보화제품)","제공","제공","제공","부착","제공","미제공","제공","가능","2026-01-27 13:10:52"
"514","종로세무서","서울특별시 종로구 삼일대로30길 22(낙원동)[서울특별시 종로구 낙원동 58번지 8호]","1층 출입구 옆","09:00 ","18:00 ","      ","      ","근무시간내","http://www.jongno.go.kr/Main.do?menuId=1015&menuNo=1015","사용","장애인 편의 기능 포함(일반)","제공","제공","제공","부착","제공","제공","제공","가능","2026-08-03 13:50:34"
"506","중화2동주민센터","서울특별시 중랑구 봉화산로3길 28(중화동)","중화2동주민센터 민원실","09:00 ","18:00 ","      ","      ","주말휴무","http://www.jungnang.go.kr/portal/main/contents.do?menuNo=200004","사용","장애인 정당한 편의 기능 인증(우선구매대상지능정보화제품)","제공","제공","제공","부착","제공","미제공","제공","가능","2026-08-20 11:03:49"
"102","종로구청 부동산정보과2","서울특별시 종로구 종로1길 50, 더케이트윈타워 B동 5층 (중학동)","민원실외부","09:00 ","18:00 ","      ","      ","주말정기 휴무","http://www.jongno.go.kr/Main.do?menuId=1015&menuNo=1015","사용","장애인 정당한 편의 기능 인증(우선구매대상지능정보화제품)","제공","제공","제공","부착","제공","제공","제공","가능","2026-08-07 13:29:17"
"408","광진구청2","서울특별시 광진구 아차산로 400, 광진구청 (자양동)","2층 민원여권과 옆","00:00 ","2400  ","00:00 ","2400  ","","https://www.gwangjin.go.kr/portal/main/contents.do?menuNo=200030","사용","장애인 정당한 편의 기능 인증(우선구매대상지능정보화제품)","제공","제공","제공","부착","제공","미제공","제공","가능","2026-07-31 09:22:12"
"507","신월6동주민센터","서울특별시 양천구 남부순환로83길 53, 신월6동행정복합타운 (신월동)","입구","09:00 ","18:00 ","      ","      ","주말 및 휴일 이용불가","http://www.yangcheon.go.kr/site/yangcheon/01/10101040000002016081013.jsp","사용","장애인 편의 기능 포함(일반)","제공","제공","제공","부착","제공","미제공","제공","불가능","2026-01-21 08:17:33"
"508","신월7동주민센터","서울특별시 양천구 지양로14길 17 (신월동)","1층 입구","09:00 ","18:00 ","      ","      ","주말 및 휴일 이용불가","http://www.yangcheon.go.kr/site/yangcheon/01/10101040000002016081013.jsp","사용","장애인 편의 기능 포함(일반)","제공","제공","제공","부착","제공","미제공","제공","불가능","2026-07-10 17:15:16"
"102","순천향병원","서울특별시 용산구 대사관로 59(한남동)","순천향병원 본관 2층","06:00 ","2400  ","06:00 ","2400  ","","http://www.yongsan.go.kr/pms/contents/contents.do?contseqn=1594&sitecdv=S0000600&decorator=user28OneClick&menucdv=01140000","사용","장애인 정당한 편의 기능 인증(우선구매대상지능정보화제품)","제공","제공","제공","부착","제공","미제공","제공","가능","2026-02-26 10:29:18"
"513","신정6동주민센터","서울특별시 양천구 목동서로 353(신정동)[서울특별시 양천구 신정동 322번지 9호]","입구","09:00 ","18:00 ","      ","      ","주말 및 휴일 이용불가","http://www.yangcheon.go.kr/site/yangcheon/01/10101040000002016081013.jsp","사용","장애인 편의 기능 포함(일반)","제공","제공","제공","부착","제공","미제공","제공","불가능","2026-09-03 11:57:30"
"511","염창동주민센터","서울특별시 강서구 양천로67가길 63(염창동)","염창동주민센터 입구","00:00 ","2400  ","00:00 ","2400  ","","https://www.gangseo.seoul.kr/gs0101071","사용","장애인 정당한 편의 기능 인증(우선구매대상지능정보화제품)","제공","제공","제공","부착","제공","미제공","제공","가능","2026-08-28 13:49:04"
"503","금천씨티렉스","서울특별시 금천구 시흥대로 399(독산동)[서울특별시 금천구 독산동 399번지]","시티렉스 1층 엘레베이터 앞","09:00 ","23:00 ","09:00 ","23:00 ","","http://www.geumcheon.go.kr/html/048/048001005.html","사용","장애인 정당한 편의 기능 인증(우선구매대상지능정보화제품)","제공","제공","제공","부착","제공","제공","제공","가능","2026-08-21 15:27:58"
"405","목2동주민센터1","서울특별시 양천구 목동중앙본로 120(목동, 목2동주민센터 1층 민원실 내)","목2동주민센터 1층 민원실 내","08:30 ","19:00 ","      ","      ","주말 및 휴일 이용불가","http://www.yangcheon.go.kr/site/yangcheon/01/10101040000002016081013.jsp","사용","장애인 정당한 편의 기능 인증(우선구매대상지능정보화제품)","제공","제공","제공","부착","제공","미제공","제공","가능","2026-07-22 16:11:39"
"503","신월1동주민센터","서울특별시 양천구 곰달래로1길 38(신월동)[서울특별시 양천구 신월동 135번지 18호]","신월1동주민센터 1층 안내데스크 옆","09:00 ","18:00 ","      ","      ","주말 및 휴일 이용불가","http://www.yangcheon.go.kr/site/yangcheon/01/10101040000002016081013.jsp","사용","장애인 편의 기능 포함(일반)","제공","제공","제공","부착","제공","미제공","제공","불가능","2026-07-16 14:00:23"
"536","대림역","서울특별시 영등포구 도림로 지하137, 대림역 (대림동)","7호선 11번, 12번 출구","06:00 ","23:30 ","06:00 ","23:30 ","","https://www.ydp.go.kr/www/contents.do?key=2679&","사용","장애인 정당한 편의 기능 인증(우선구매대상지능정보화제품)","제공","제공","제공","부착","제공","미제공","제공","가능","2026-01-23 11:22:52"
"407","답십리1동주민센터","서울특별시 동대문구 사가정로 30(답십리동, 답십리1동 주민센터)","답십리1동주민센터 정문으로 들어가서 좌측 벽면","09:00 ","18:00 ","      ","      ","주말 휴무","http://www.ddm.go.kr/civil/multiCivilNoPeople.jsp","사용","장애인 정당한 편의 기능 인증(우선구매대상지능정보화제품)","제공","제공","제공","부착","제공","미제공","제공","가능","2026-08-24 15:38:57"
"522","구로디지털단지역","서울특별시 구로구 도림천로 477, 구로디지털단지역 (구로동)","6번 출구","05:00 ","01:00 ","05:00 ","01:00 ","지하철역별 운영시간 내 발급기 이용 가능","https://www.guro.go.kr/www/contents.do?key=1625&","사용","장애인 정당한 편의 기능 인증(우선구매대상지능정보화제품)","제공","제공","제공","부착","제공","미제공","제공","가능","2026-08-24 09:28:52"
"412","경희의료원","서울특별시 동대문구 경희대로 23(회기동)[서울특별시 동대문구 회기동 1번지 5호]","경희의료원 암병원 1층 안내데스크 옆","00:00 ","2400  ","00:00 ","2400  ","","http://www.ddm.go.kr/civil/multiCivilNoPeople.jsp","사용","장애인 정당한 편의 기능 인증(우선구매대상지능정보화제품)","제공","제공","제공","부착","제공","제공","제공","가능","2026-07-31 16:52:54"
"410","양재2동주민센터","서울특별시 서초구 강남대로12길 44(양재동)[서울특별시 서초구 양재동 323번지 1호]","1층 출입문","00:00 ","2400  ","00:00 ","2400  ","","http://www.seocho.go.kr/site/seocho/01/10101050000002015070109.jsp","사용","장애인 정당한 편의 기능 인증(우선구매대상지능정보화제품)","제공","제공","제공","부착","제공","미제공","제공","가능","2026-01-26 18:37:15"
"401","구로구청(현관)","서울특별시 구로구 가마산로 245(구로동)[서울특별시 구로구 구로동 435번지]","본관 1층","00:00 ","2400  ","00:00 ","2400  ","","https://www.guro.go.kr/www/contents.do;jsessionid=2B2734DF1E4BDABE4C4C17EA2A087147.3c9fdff513c606261?key=1625&","사용","장애인 정당한 편의 기능 인증(우선구매대상지능정보화제품)","제공","제공","제공","부착","제공","미제공","제공","가능","2026-01-26 09:19:37"
"413","신길6동주민센터","서울특별시 영등포구 대방천로 167, 신길6동 주민센터 (신길동)","1층","08:00 ","19:00 ","      ","      ","","https://www.ydp.go.kr/www/contents.do?key=2679&","사용","장애인 정당한 편의 기능 인증(우선구매대상지능정보화제품)","제공","제공","제공","부착","제공","제공","제공","가능","2026-01-23 10:27:57"
"417","관악세무서","서울특별시 관악구 문성로 187(신림동)[서울특별시 관악구 신림동 438번지 2호]","로비","09:00 ","18:00 ","      ","      ","","http://www.gwanak.go.kr/site/gwanak/03/10301040000002016051203.jsp","사용","장애인 정당한 편의 기능 인증(우선구매대상지능정보화제품)","제공","제공","제공","부착","제공","제공","제공","가능","2026-07-01 15:40:02"
"515","홍제3동주민센터","서울특별시 서대문구 세검정로4길 32(홍제동)","홍제3동주민센터 1층 민원실","09:00 ","18:00 ","      ","      ","","http://www.sdm.go.kr/civil/print/automaic.do","사용","장애인 정당한 편의 기능 인증(우선구매대상지능정보화제품)","제공","제공","제공","부착","제공","미제공","제공","가능","2026-08-27 13:09:16"
"405","서울특별시청 본청 지하1층","서울특별시 중구 세종대로 110, 서울특별시청 (태평로1가)","서울특별시청 본청 지하1층 신한은행 옆","00:00 ","2400  ","00:00 ","2400  ","","http://www.junggu.seoul.kr/minwon/content.do?cmsid=13984","사용","장애인 정당한 편의 기능 인증(우선구매대상지능정보화제품)","제공","제공","제공","부착","제공","미제공","제공","가능","2026-08-31 00:08:00"
"507","청량리동주민센터","서울특별시 동대문구 왕산로 239 (청량리동)","4층 민원실","09:00 ","18:00 ","      ","      ","주말휴무","https://www.ddm.go.kr/www/contents.do?key=8","사용","장애인 정당한 편의 기능 인증(우선구매대상지능정보화제품)","제공","제공","제공","부착","제공","미제공","제공","가능","2026-08-25 21:08:56"
"104","마들역(7호선)","서울특별시 노원구 동일로 1530-1(상계동)","마들역 지하1층 노원문화의집 휴북","00:00 ","2400  ","00:00 ","2400  ","","https://www.nowon.kr/www/minwon/minwon1/minwon1_04.jsp","사용","장애인 정당한 편의 기능 인증(우선구매대상지능정보화제품)","제공","제공","제공","부착","제공","미제공","제공","가능","2026-08-05 14:00:32"
"403","천호역","서울특별시 강동구 천호대로 지하 997(천호동)[서울특별시 강동구 천호동 455번지 천호역]","지하철 5,8호선 천호역 5호선 개찰구 입구(농협ATM기 옆)","05:00 ","01:00 ","05:00 ","2400  ","지하철역사 운영시간내 발급가능(연중무휴)","https://www.gangdong.go.kr/site/contents/koRenew/html00/html04/index04.html","사용","장애인 정당한 편의 기능 인증(우선구매대상지능정보화제품)","제공","제공","제공","부착","제공","제공","제공","가능","2026-07-01 09:11:46"
"519","가락1동주민센터","서울특별시 송파구 양재대로 925, 가락1동주민센터 (가락동)","1층 민원실 입구","00:00 ","2400  ","00:00 ","2400  ","","https://www.songpa.go.kr/www/contents.do?key=2027&","사용","장애인 정당한 편의 기능 인증(우선구매대상지능정보화제품)","제공","제공","제공","부착","제공","미제공","제공","가능","2026-07-01 09:01:37"
"516","청구역","서울특별시 중구 청구로 지하77, 청구역 5,6호선 (신당동)","1번출구 지하로비","05:00 ","2400  ","05:00 ","2400  ","","http://www.junggu.seoul.kr/minwon/content.do?cmsid=13984","사용","장애인 편의 기능 포함(일반)","제공","제공","제공","부착","제공","제공","제공","불가능","2026-08-31 19:26:16"
"423","정릉4동주민센터","서울특별시 성북구 보국문로 106-1(정릉동)","출입구 좌측","08:30 ","18:00 ","      ","      ","","https://www.sb.go.kr/PageLink.do?link=forward:use/PageContent.do&tempParam1=&menuNo=01000000&subMenuNo=01040000&thirdMenuNo=01040100&fourthMenuNo=","사용","장애인 정당한 편의 기능 인증(우선구매대상지능정보화제품)","제공","제공","제공","부착","제공","미제공","제공","가능","2026-07-09 14:26:19"
"413","상일동역","서울특별시 강동구 고덕로 지하 359, 상일동역 (상일동)","상일동역 지하1층 대합실","05:00 ","01:00 ","05:00 ","2400  ","지하철역사 운영시간 내 발급가능(연중무휴)","https://www.gangdong.go.kr/site/contents/koRenew/html00/html04/index04.html","사용","장애인 정당한 편의 기능 인증(우선구매대상지능정보화제품)","제공","제공","제공","부착","제공","제공","제공","가능","2026-07-01 09:11:46"
"138","삼성2동주민센터","서울특별시 강남구 봉은사로 419(삼성동)[서울특별시 강남구 삼성동 38번지 34호]","삼성2동주민센터 1층 민원실 앞 로비","08:30 ","18:30 ","      ","      ","토, 일요일 및 공휴일 발급불가","http://www.gangnam.go.kr/contents/dispenser/1/view.do?mid=FM010103","사용","장애인 정당한 편의 기능 인증(우선구매대상지능정보화제품)","제공","제공","제공","부착","제공","제공","제공","가능","2026-03-09 10:45:49"
"409","N/C백화점 불광점","서울특별시 은평구 불광로 20(대조동)[서울특별시 은평구 대조동 240번지]","지하2층","09:00 ","22:00 ","09:00 ","22:00 ","백화점 휴무일 미운영","http://www.ep.go.kr/CmsWeb/viewPage.req?idx=PG0000000763","사용","장애인 정당한 편의 기능 인증(우선구매대상지능정보화제품)","제공","제공","제공","부착","제공","미제공","제공","가능","2026-01-26 13:15:56"
"409","대림동새마을금고","서울특별시 영등포구 디지털로 417(대림동)[서울특별시 영등포구 대림동 930번지 4호]","금융자동화창구 내","07:00 ","23:00 ","07:00 ","23:00 ","","http://www.ydp.go.kr/main/page.do?mCode=A010010000","사용","장애인 정당한 편의 기능 인증(우선구매대상지능정보화제품)","제공","제공","제공","부착","제공","제공","제공","가능","2026-01-23 10:24:37"
"405","김포공항 국내선 2층(동편)","서울특별시 강서구 하늘길 112(공항동)","김포공항 국내선 2층(동편, 4번 GATE) 엘리베이터 앞","05:30 ","23:00 ","05:30 ","23:00 ","","https://www.gangseo.seoul.kr/gs0101071","사용","장애인 정당한 편의 기능 인증(우선구매대상지능정보화제품)","제공","제공","제공","부착","제공","미제공","제공","가능","2026-08-28 10:08:02"
"401","광진구청","서울특별시 광진구 아차산로 400, 광진구청 (자양동)","1층 옥외","00:00 ","2400  ","00:00 ","2400  ","24시간운영 옥외부스","https://www.gwangjin.go.kr/portal/main/contents.do?menuNo=200030","사용","장애인 정당한 편의 기능 인증(우선구매대상지능정보화제품)","제공","제공","제공","부착","제공","미제공","제공","가능","2026-07-31 09:22:12"
"535","대창신협","서울특별시 영등포구 도림로 159, 대창신용협동조합 사옥 (대림동)","365코너","07:00 ","23:30 ","07:00 ","23:30 ","","https://www.ydp.go.kr/www/contents.do?key=2679&","사용","장애인 정당한 편의 기능 인증(우선구매대상지능정보화제품)","제공","제공","제공","부착","제공","미제공","제공","가능","2026-01-23 11:22:39"
"410","구의역","서울특별시 광진구 아차산로 384-1(구의동)","구의역 1번출구(지상2층)","05:00 ","01:00 ","05:00 ","2400  ","평일05:00~익일01:00, 주말/공휴일05:00~24:00","https://www.gwangjin.go.kr/portal/main/contents.do?menuNo=200030","사용","장애인 정당한 편의 기능 인증(우선구매대상지능정보화제품)","제공","제공","제공","부착","제공","미제공","제공","가능","2026-07-31 09:22:12"
"517","정부서울청사 별관(외교부)","서울특별시 종로구 사직로8길 60, 정부서울청사별관 (도렴동)","1층 민원실 입구 오른쪽","09:00 ","18:00 ","      ","      ","","http://www.jongno.go.kr/Main.do?menuId=1015&menuNo=1015","사용","장애인 편의 기능 포함(일반)","제공","제공","제공","부착","제공","제공","제공","가능","2026-08-03 13:51:00"
"301","성동구청민원실3KIOSK","서울특별시 성동구 고산자로 270(행당동)[서울특별시 성동구 행당동 7번지]","구청내 1층","08:00 ","21:00 ","08:00 ","21:00 ","","http://www.sd.go.kr/sd/main.do?mCode=13A030030000&op=mainSub&lay=5","사용","장애인 정당한 편의 기능 인증(우선구매대상지능정보화제품)","제공","제공","제공","부착","제공","미제공","제공","가능","2026-07-27 11:32:36"
"518","성수2가제1동주민센터 KIOSK","서울특별시 성동구 뚝섬로 385-19(성수동2가)","성수2가제1동주민센터 1층 민원실 좌측 끝","00:00 ","2400  ","00:00 ","2400  ","24시간 운영","http://www.sd.go.kr/sd/main.do?op=mainSub&mCode=13A030030000","사용","장애인 정당한 편의 기능 인증(우선구매대상지능정보화제품)","제공","제공","제공","부착","제공","미제공","제공","가능","2026-07-27 11:16:46"
"426","성북세무서","서울특별시 성북구 삼선교로16길 13(삼선동3가)","성북세무서 1층 로비","09:00 ","18:00 ","      ","      ","","https://www.sb.go.kr/PageLink.do?link=forward:use/PageContent.do&tempParam1=&menuNo=01000000&subMenuNo=01040000&thirdMenuNo=01040100&fourthMenuNo=","사용","장애인 정당한 편의 기능 인증(우선구매대상지능정보화제품)","제공","제공","제공","부착","제공","제공","제공","가능","2026-01-26 15:46:10"
"528","당산2동주민센터2","서울특별시 영등포구 당산로41가길 7(당산동4가)","2층 민원실 내","09:00 ","18:00 ","      ","      ","","http://www.ydp.go.kr/main/page.do?mCode=A010010000","사용","장애인 정당한 편의 기능 인증(우선구매대상지능정보화제품)","제공","제공","제공","부착","제공","제공","제공","가능","2026-01-23 11:19:58"
"509","신정1동주민센터","서울특별시 양천구 중앙로32길 1(신정동)[서울특별시 양천구 신정동 1051번지 11호]","신정1동주민센터 내부(정문왼쪽)","09:00 ","18:00 ","      ","      ","토,일요일,공휴일 휴무","http://www.yangcheon.go.kr/site/yangcheon/01/10101040000002016081013.jsp","사용","장애인 편의 기능 포함(일반)","제공","제공","제공","부착","제공","미제공","제공","불가능","2026-01-19 09:39:58"
"516","종로구민회관","서울특별시 종로구 지봉로 5 (창신동)","1층로비","06:00 ","21:00 ","09:00 ","18:00 ","주말가능","http://www.jongno.go.kr/Main.do?menuId=1015&menuNo=1015","사용","장애인 편의 기능 포함(일반)","제공","제공","제공","부착","제공","제공","제공","가능","2026-08-03 13:53:33"
"514","천연동주민센터","서울특별시 서대문구 성산로 694(영천동)","천연동주민센터 1층 민원실","09:00 ","18:00 ","      ","      ","","http://www.sdm.go.kr/civil/print/automaic.do","사용","장애인 정당한 편의 기능 인증(우선구매대상지능정보화제품)","제공","제공","제공","부착","제공","미제공","제공","가능","2026-08-27 13:09:28"
"421","명일1동주민센터","서울특별시 강동구 양재대로 1634(명일동)","명일역 4번 출구 앞","00:00 ","2400  ","00:00 ","2400  ","365일 24시간 운영","https://www.gangdong.go.kr/web/newportal/contents/gdp_001_005_004","사용","장애인 정당한 편의 기능 인증(우선구매대상지능정보화제품)","제공","제공","제공","부착","제공","미제공","제공","가능","2026-07-19 17:10:05"
"403","서초구청1(옥외부스)","서울특별시 서초구 남부순환로 2584(서초동)[서울특별시 서초구 서초동 1376번지 3호]","출입구 옆 옥외부스 내","00:00 ","2400  ","      ","      ","부동산등기부등본은 평일만 가능(09:00~18:00)","http://www.seocho.go.kr/site/seocho/01/10101050000002015070109.jsp","사용","장애인 정당한 편의 기능 인증(우선구매대상지능정보화제품)","제공","제공","제공","부착","제공","미제공","제공","가능","2026-07-02 20:49:37"
"507","삼각산동주민센터","서울특별시 강북구 삼양로19길 34, 삼각산동주민센터, 삼각산어린이도서관 (미아동)","1층 민원실 출입문 옆","09:00 ","18:00 ","      ","      ","","http://www.gangbuk.go.kr/www/contents.do?key=58","사용","장애인 정당한 편의 기능 인증(우선구매대상지능정보화제품)","제공","제공","제공","부착","제공","미제공","제공","가능","2026-08-20 17:35:14"
"506","송천동주민센터","서울특별시 강북구 솔샘로 284, 송천동 주민센터 (미아동)","민원실 내 출입문 옆","08:45 ","18:00 ","      ","      ","","http://www.gangbuk.go.kr/www/contents.do?key=58","사용","장애인 정당한 편의 기능 인증(우선구매대상지능정보화제품)","제공","제공","제공","부착","제공","미제공","제공","가능","2026-08-20 17:35:08"
"504","수유2동주민센터","서울특별시 강북구 한천로 1117, 수유2동 주민센터 (수유동)","엘리베이터 맞은편","09:00 ","18:00 ","      ","      ","","http://www.gangbuk.go.kr/www/contents.do?key=58","사용","장애인 정당한 편의 기능 인증(우선구매대상지능정보화제품)","제공","제공","제공","부착","제공","미제공","제공","가능","2026-08-20 17:34:55"
"405","강북SK아파트","서울특별시 강북구 삼양로19길 157(미아동, 관리사무소 1층)[서울특별시 강북구 미아동 1353번지 관리사무소 1층]","관리사무소 1층","08:00 ","21:00 ","08:00 ","21:00 ","연중 무휴","http://www.gangbuk.go.kr/www/contents.do?key=58","사용","장애인 정당한 편의 기능 인증(우선구매대상지능정보화제품)","제공","제공","제공","부착","제공","제공","제공","가능","2026-03-01 10:46:42"
"403","미아사거리역","서울특별시 강북구 도봉로 지하 50(미아동)[서울특별시 강북구 미아동 66번지 1호]","미아사거리역 6번 출구","06:00 ","23:55 ","06:00 ","23:55 ","","http://www.gangbuk.go.kr/www/contents.do?key=58","사용","장애인 정당한 편의 기능 인증(우선구매대상지능정보화제품)","제공","제공","제공","부착","제공","제공","제공","가능","2026-03-01 10:46:42"
"503","약수역","서울특별시 중구 다산로 지하 122, 약수역 3호선 (신당동)","3번 출구","00:00 ","2400  ","00:00 ","2400  ","","http://www.junggu.seoul.kr/minwon/content.do?cmsid=13984","사용","장애인 정당한 편의 기능 인증(우선구매대상지능정보화제품)","제공","제공","제공","부착","제공","미제공","제공","가능","2026-08-31 01:36:21"
"507","세곡동주민센터","서울특별시 강남구 밤고개로 286(율현동)[서울특별시 강남구 율현동 278번지 1호]","세곡동주민센터 1층 로비","08:30 ","18:30 ","      ","      ","토요일, 일요일, 공휴일 발급불가","http://www.gangnam.go.kr/contents/dispenser/1/view.do?mid=FM010103","사용","장애인 정당한 편의 기능 인증(우선구매대상지능정보화제품)","제공","제공","제공","부착","제공","제공","제공","가능","2026-08-07 13:32:38"
"437","돈암1동 주민센터","서울특별시 성북구 정릉로 392, 돈암1동 주민센터 (돈암동)","돈암1동 주민센터 청사내","08:30 ","18:00 ","      ","      ","","https://www.sb.go.kr/main/PageLink.do?link=forward:use/PageContent.do&menuNo=01000000&subMenuNo=01040000&thirdMenuNo=01040100&fourthMenuNo=","사용","장애인 정당한 편의 기능 인증(우선구매대상지능정보화제품)","제공","제공","제공","부착","제공","미제공","제공","가능","2026-07-08 11:25:07"
"523","신사동주민센터2","서울특별시 강남구 압구정로 128, 신사동주민센터 (신사동)","민원실내","08:30 ","18:30 ","      ","      ","","http://www.gangnam.go.kr/contents/dispenser/1/view.do?mid=FM010103","사용","장애인 정당한 편의 기능 인증(우선구매대상지능정보화제품)","제공","제공","제공","부착","제공","제공","제공","가능","2026-01-27 17:10:52"
"514","서초1동주민센터1","서울특별시 서초구 사임당로 89, 1층 (서초동, 서초1동주민센터)[서울특별시 서초구 서초동 1649번지 5호]","1층 민원실","00:00 ","2400  ","00:00 ","2400  ","년중무휴","http://www.seocho.go.kr/site/seocho/01/10101050000002015070109.jsp","사용","장애인 편의 기능 포함(일반)","제공","제공","제공","부착","제공","미제공","제공","불가능","2026-01-26 18:44:53"